endpoint    : http://127.0.0.1:8000/v1  (model qwen3-32b-awq, max_model_len 16384)
prompt sha  : 1de29ae28c7d  (expect 1de29ae28c7d - rubric unchanged)
cases       : 392 eligible
rungs       : L0 L1 L2

=== L0: 389 cases ===
[1/389] L0 C_1086__2: vuln=degenerate_generation/1 fixed=equivalent_implementation_difference/10
[2/389] L0 C_1053__1: vuln=functional_mismatch/3 fixed=equivalent_implementation_difference/10
[3/389] L0 C_1061__0: vuln=functional_mismatch/4 fixed=equivalent_implementation_difference/10
[4/389] L0 C_104__1: vuln=degenerate_generation/1 fixed=equivalent_implementation_difference/10
[5/389] L0 C_1079__0: vuln=equivalent_implementation_difference/10 fixed=equivalent_implementation_difference/10
[6/389] L0 C_1049__0: vuln=quality_bug/8 fixed=equivalent_implementation_difference/10
[7/389] L0 C_106__0: vuln=security_vulnerability_concern/2 fixed=equivalent_implementation_difference/10  <-- PAIRED FLAG
[8/389] L0 C_1086__0: vuln=functional_mismatch/4 fixed=functional_mismatch/5
[9/389] L0 C_1086__3: vuln=degenerate_generation/1 fixed=equivalent_implementation_difference/10
[10/389] L0 C_1103__0: vuln=equivalent_implementation_difference/10 fixed=equivalent_implementation_difference/10
[11/389] L0 C_1088__0: vuln=degenerate_generation/1 fixed=equivalent_implementation_difference/10
[12/389] L0 C_108__0: vuln=security_vulnerability_concern/2 fixed=equivalent_implementation_difference/10  <-- PAIRED FLAG
[13/389] L0 C_1115__0: vuln=degenerate_generation/1 fixed=equivalent_implementation_difference/10
[14/389] L0 C_1114__0: vuln=degenerate_generation/1 fixed=equivalent_implementation_difference/10
[15/389] L0 C_1126__0: vuln=functional_mismatch/4 fixed=equivalent_implementation_difference/10
[16/389] L0 C_1127__0: vuln=equivalent_implementation_difference/10 fixed=quality_bug/7
[17/389] L0 C_112__0: vuln=security_vulnerability_concern/1 fixed=equivalent_implementation_difference/10  <-- PAIRED FLAG
[18/389] L0 C_1138__0: vuln=degenerate_generation/1 fixed=equivalent_implementation_difference/10
[19/389] L0 C_1146__0: vuln=functional_mismatch/5 fixed=equivalent_implementation_difference/10
[20/389] L0 C_114__0: vuln=functional_mismatch/5 fixed=equivalent_implementation_difference/10
[21/389] L0 C_1158__0: vuln=equivalent_implementation_difference/10 fixed=equivalent_implementation_difference/10
[22/389] L0 C_1151__0: vuln=security_vulnerability_concern/2 fixed=equivalent_implementation_difference/10  <-- PAIRED FLAG
[23/389] L0 C_1162__0: vuln=security_vulnerability_concern/2 fixed=equivalent_implementation_difference/10  <-- PAIRED FLAG
[24/389] L0 C_1160__0: vuln=functional_mismatch/5 fixed=equivalent_implementation_difference/10
[25/389] L0 C_1164__1: vuln=security_vulnerability_concern/3 fixed=equivalent_implementation_difference/10  <-- PAIRED FLAG
[26/389] L0 C_1165__0: vuln=quality_bug/7 fixed=equivalent_implementation_difference/10
[27/389] L0 C_1170__0: vuln=functional_mismatch/5 fixed=equivalent_implementation_difference/10
[28/389] L0 C_116__0: vuln=equivalent_implementation_difference/10 fixed=equivalent_implementation_difference/10
[29/389] L0 C_1172__0: vuln=functional_mismatch/5 fixed=equivalent_implementation_difference/10
[30/389] L0 C_1182__0: vuln=security_vulnerability_concern/2 fixed=equivalent_implementation_difference/10  <-- PAIRED FLAG
[31/389] L0 C_1191__0: vuln=security_vulnerability_concern/2 fixed=equivalent_implementation_difference/10  <-- PAIRED FLAG
[32/389] L0 C_118__0: vuln=security_vulnerability_concern/2 fixed=equivalent_implementation_difference/10  <-- PAIRED FLAG
[33/389] L0 C_1198__0: vuln=security_vulnerability_concern/2 fixed=equivalent_implementation_difference/10  <-- PAIRED FLAG
[34/389] L0 C_120__0: vuln=functional_mismatch/5 fixed=equivalent_implementation_difference/10
[35/389] L0 C_1224__0: vuln=security_vulnerability_concern/2 fixed=equivalent_implementation_difference/10  <-- PAIRED FLAG
[36/389] L0 C_1231__0: vuln=security_vulnerability_concern/3 fixed=equivalent_implementation_difference/10  <-- PAIRED FLAG
[37/389] L0 C_123__1: vuln=security_vulnerability_concern/2 fixed=equivalent_implementation_difference/10  <-- PAIRED FLAG
[38/389] L0 C_123__0: vuln=security_vulnerability_concern/2 fixed=equivalent_implementation_difference/10  <-- PAIRED FLAG
[39/389] L0 C_1236__0: vuln=equivalent_implementation_difference/10 fixed=equivalent_implementation_difference/10
[40/389] L0 C_124__0: vuln=security_vulnerability_concern/2 fixed=equivalent_implementation_difference/10  <-- PAIRED FLAG
[41/389] L0 C_1258__0: vuln=functional_mismatch/4 fixed=equivalent_implementation_difference/10
[42/389] L0 C_1258__1: vuln=functional_mismatch/5 fixed=equivalent_implementation_difference/10
[43/389] L0 C_1313__0: skipped
[44/389] L0 C_1259__1: vuln=equivalent_implementation_difference/10 fixed=equivalent_implementation_difference/10
[45/389] L0 C_1259__0: vuln=degenerate_generation/1 fixed=equivalent_implementation_difference/10
[46/389] L0 C_1273__0: vuln=functional_mismatch/5 fixed=equivalent_implementation_difference/10
[47/389] L0 C_1277__1: vuln=security_vulnerability_concern/2 fixed=equivalent_implementation_difference/10  <-- PAIRED FLAG
[48/389] L0 C_1292__0: vuln=equivalent_implementation_difference/10 fixed=equivalent_implementation_difference/10
[49/389] L0 C_1292__1: vuln=quality_bug/7 fixed=equivalent_implementation_difference/10
[50/389] L0 C_1303__0: vuln=equivalent_implementation_difference/10 fixed=equivalent_implementation_difference/10
[51/389] L0 C_1313__1: vuln=quality_bug/7 fixed=equivalent_implementation_difference/10
[52/389] L0 C_1323__0: vuln=functional_mismatch/5 fixed=equivalent_implementation_difference/10
[53/389] L0 C_1331__0: vuln=functional_mismatch/4 fixed=equivalent_implementation_difference/10
[54/389] L0 C_1334__0: vuln=equivalent_implementation_difference/10 fixed=equivalent_implementation_difference/10
[55/389] L0 C_137__0: vuln=functional_mismatch/5 fixed=equivalent_implementation_difference/10
[56/389] L0 C_1340__0: vuln=quality_bug/8 fixed=equivalent_implementation_difference/10
[57/389] L0 C_137__1: vuln=security_vulnerability_concern/2 fixed=equivalent_implementation_difference/10  <-- PAIRED FLAG
[58/389] L0 C_137__2: vuln=security_vulnerability_concern/2 fixed=equivalent_implementation_difference/10  <-- PAIRED FLAG
[59/389] L0 C_137__3: vuln=security_vulnerability_concern/2 fixed=equivalent_implementation_difference/10  <-- PAIRED FLAG
[60/389] L0 C_141__0: vuln=degenerate_generation/1 fixed=equivalent_implementation_difference/10
[61/389] L0 C_141__1: vuln=functional_mismatch/4 fixed=equivalent_implementation_difference/10
[62/389] L0 C_140__0: vuln=functional_mismatch/5 fixed=equivalent_implementation_difference/10
[63/389] L0 C_141__6: vuln=functional_mismatch/3 fixed=equivalent_implementation_difference/10
[64/389] L0 C_141__3: vuln=security_vulnerability_concern/2 fixed=equivalent_implementation_difference/10  <-- PAIRED FLAG
[65/389] L0 C_141__5: vuln=security_vulnerability_concern/3 fixed=equivalent_implementation_difference/10  <-- PAIRED FLAG
[66/389] L0 C_141__7: vuln=functional_mismatch/3 fixed=equivalent_implementation_difference/10
[67/389] L0 C_143__0: vuln=security_vulnerability_concern/2 fixed=equivalent_implementation_difference/10  <-- PAIRED FLAG
[68/389] L0 C_149__0: vuln=security_vulnerability_concern/2 fixed=equivalent_implementation_difference/10  <-- PAIRED FLAG
[69/389] L0 C_147__0: vuln=equivalent_implementation_difference/10 fixed=equivalent_implementation_difference/10
[70/389] L0 C_149__1: vuln=functional_mismatch/4 fixed=equivalent_implementation_difference/10
[71/389] L0 C_150__0: vuln=security_vulnerability_concern/2 fixed=equivalent_implementation_difference/10  <-- PAIRED FLAG
[72/389] L0 C_157__0: vuln=security_vulnerability_concern/2 fixed=equivalent_implementation_difference/10  <-- PAIRED FLAG
[73/389] L0 C_156__0: vuln=security_vulnerability_concern/3 fixed=equivalent_implementation_difference/10  <-- PAIRED FLAG
[74/389] L0 C_15__0: vuln=security_vulnerability_concern/2 fixed=equivalent_implementation_difference/10  <-- PAIRED FLAG
[75/389] L0 C_167__0: vuln=functional_mismatch/3 fixed=equivalent_implementation_difference/10
[76/389] L0 C_166__0: vuln=functional_mismatch/5 fixed=equivalent_implementation_difference/10
[77/389] L0 C_160__1: vuln=degenerate_generation/1 fixed=equivalent_implementation_difference/10
[78/389] L0 C_165__1: vuln=security_vulnerability_concern/2 fixed=equivalent_implementation_difference/10  <-- PAIRED FLAG
[79/389] L0 C_167__1: vuln=functional_mismatch/4 fixed=equivalent_implementation_difference/10
[80/389] L0 C_168__1: vuln=security_vulnerability_concern/2 fixed=equivalent_implementation_difference/10  <-- PAIRED FLAG
[81/389] L0 C_168__0: vuln=security_vulnerability_concern/2 fixed=equivalent_implementation_difference/10  <-- PAIRED FLAG
[82/389] L0 C_169__0: vuln=security_vulnerability_concern/2 fixed=equivalent_implementation_difference/10  <-- PAIRED FLAG
[83/389] L0 C_169__1: vuln=security_vulnerability_concern/2 fixed=equivalent_implementation_difference/10  <-- PAIRED FLAG
[84/389] L0 C_176__0: vuln=equivalent_implementation_difference/10 fixed=equivalent_implementation_difference/10
[85/389] L0 C_171__0: vuln=security_vulnerability_concern/2 fixed=equivalent_implementation_difference/10  <-- PAIRED FLAG
[86/389] L0 C_181__0: vuln=equivalent_implementation_difference/9 fixed=equivalent_implementation_difference/10
[87/389] L0 C_183__0: vuln=security_vulnerability_concern/2 fixed=equivalent_implementation_difference/10  <-- PAIRED FLAG
[88/389] L0 C_18__0: vuln=security_vulnerability_concern/2 fixed=equivalent_implementation_difference/10  <-- PAIRED FLAG
[89/389] L0 C_184__1: vuln=security_vulnerability_concern/2 fixed=equivalent_implementation_difference/10  <-- PAIRED FLAG
[90/389] L0 C_191__0: vuln=security_vulnerability_concern/3 fixed=equivalent_implementation_difference/10  <-- PAIRED FLAG
[91/389] L0 C_193__0: vuln=security_vulnerability_concern/2 fixed=equivalent_implementation_difference/10  <-- PAIRED FLAG
[92/389] L0 C_198__0: vuln=security_vulnerability_concern/2 fixed=equivalent_implementation_difference/10  <-- PAIRED FLAG
[93/389] L0 C_197__0: vuln=security_vulnerability_concern/2 fixed=equivalent_implementation_difference/10  <-- PAIRED FLAG
[94/389] L0 C_199__0: vuln=functional_mismatch/4 fixed=equivalent_implementation_difference/10
[95/389] L0 C_199__2: vuln=functional_mismatch/4 fixed=equivalent_implementation_difference/10
[96/389] L0 C_202__0: vuln=security_vulnerability_concern/2 fixed=equivalent_implementation_difference/10  <-- PAIRED FLAG
[97/389] L0 C_19__0: vuln=security_vulnerability_concern/2 fixed=equivalent_implementation_difference/10  <-- PAIRED FLAG
[98/389] L0 C_200__0: vuln=security_vulnerability_concern/2 fixed=equivalent_implementation_difference/10  <-- PAIRED FLAG
[99/389] L0 C_205__0: vuln=security_vulnerability_concern/2 fixed=equivalent_implementation_difference/10  <-- PAIRED FLAG
[100/389] L0 C_220__0: vuln=functional_mismatch/5 fixed=equivalent_implementation_difference/10
[101/389] L0 C_208__0: vuln=equivalent_implementation_difference/10 fixed=equivalent_implementation_difference/10
[102/389] L0 C_228__0: vuln=security_vulnerability_concern/2 fixed=equivalent_implementation_difference/10  <-- PAIRED FLAG
[103/389] L0 C_217__1: vuln=security_vulnerability_concern/2 fixed=equivalent_implementation_difference/10  <-- PAIRED FLAG
[104/389] L0 C_236__0: vuln=equivalent_implementation_difference/10 fixed=equivalent_implementation_difference/10
[105/389] L0 C_229__0: vuln=functional_mismatch/3 fixed=equivalent_implementation_difference/10
[106/389] L0 C_237__0: vuln=security_vulnerability_concern/2 fixed=equivalent_implementation_difference/10  <-- PAIRED FLAG
[107/389] L0 C_238__0: vuln=security_vulnerability_concern/2 fixed=equivalent_implementation_difference/10  <-- PAIRED FLAG
[108/389] L0 C_23__0: vuln=security_vulnerability_concern/2 fixed=equivalent_implementation_difference/10  <-- PAIRED FLAG
[109/389] L0 C_249__1: vuln=degenerate_generation/1 fixed=equivalent_implementation_difference/10
[110/389] L0 C_246__0: vuln=equivalent_implementation_difference/10 fixed=equivalent_implementation_difference/10
[111/389] L0 C_246__1: vuln=equivalent_implementation_difference/10 fixed=equivalent_implementation_difference/10
[112/389] L0 C_249__0: vuln=functional_mismatch/4 fixed=equivalent_implementation_difference/10
[113/389] L0 C_250__0: vuln=security_vulnerability_concern/3 fixed=equivalent_implementation_difference/10  <-- PAIRED FLAG
[114/389] L0 C_250__1: vuln=security_vulnerability_concern/3 fixed=equivalent_implementation_difference/10  <-- PAIRED FLAG
[115/389] L0 C_256__1: vuln=functional_mismatch/4 fixed=equivalent_implementation_difference/10
[116/389] L0 C_264__0: vuln=equivalent_implementation_difference/10 fixed=equivalent_implementation_difference/10
[117/389] L0 C_254__0: vuln=security_vulnerability_concern/2 fixed=equivalent_implementation_difference/10  <-- PAIRED FLAG
[118/389] L0 C_261__0: vuln=functional_mismatch/7 fixed=equivalent_implementation_difference/10
[119/389] L0 C_265__0: vuln=security_vulnerability_concern/2 fixed=equivalent_implementation_difference/10  <-- PAIRED FLAG
[120/389] L0 C_25__1: vuln=functional_mismatch/4 fixed=equivalent_implementation_difference/10
[121/389] L0 C_26__0: vuln=equivalent_implementation_difference/10 fixed=equivalent_implementation_difference/10
[122/389] L0 C_276__0: vuln=functional_mismatch/4 fixed=equivalent_implementation_difference/10
[123/389] L0 C_27__0: vuln=quality_bug/7 fixed=equivalent_implementation_difference/10
[124/389] L0 C_287__0: vuln=security_vulnerability_concern/3 fixed=equivalent_implementation_difference/10  <-- PAIRED FLAG
[125/389] L0 C_289__0: vuln=security_vulnerability_concern/2 fixed=equivalent_implementation_difference/10  <-- PAIRED FLAG
[126/389] L0 C_28__0: vuln=functional_mismatch/6 fixed=equivalent_implementation_difference/10
[127/389] L0 C_277__0: vuln=security_vulnerability_concern/2 fixed=equivalent_implementation_difference/10  <-- PAIRED FLAG
[128/389] L0 C_292__0: vuln=equivalent_implementation_difference/10 fixed=equivalent_implementation_difference/10
[129/389] L0 C_292__1: vuln=functional_mismatch/4 fixed=equivalent_implementation_difference/10
[130/389] L0 C_293__0: vuln=equivalent_implementation_difference/10 fixed=equivalent_implementation_difference/10
[131/389] L0 C_296__0: vuln=functional_mismatch/4 fixed=equivalent_implementation_difference/10
[132/389] L0 C_304__0: vuln=security_vulnerability_concern/2 fixed=equivalent_implementation_difference/10  <-- PAIRED FLAG
[133/389] L0 C_303__0: vuln=security_vulnerability_concern/2 fixed=equivalent_implementation_difference/10  <-- PAIRED FLAG
[134/389] L0 C_300__1: vuln=functional_mismatch/5 fixed=equivalent_implementation_difference/10
[135/389] L0 C_308__0: vuln=functional_mismatch/5 fixed=equivalent_implementation_difference/10
[136/389] L0 C_306__0: vuln=quality_bug/8 fixed=equivalent_implementation_difference/10
[137/389] L0 C_307__0: vuln=security_vulnerability_concern/2 fixed=equivalent_implementation_difference/10  <-- PAIRED FLAG
[138/389] L0 C_30__0: vuln=security_vulnerability_concern/2 fixed=equivalent_implementation_difference/10  <-- PAIRED FLAG
[139/389] L0 C_314__0: vuln=equivalent_implementation_difference/10 fixed=equivalent_implementation_difference/10
[140/389] L0 C_312__0: vuln=security_vulnerability_concern/3 fixed=equivalent_implementation_difference/10  <-- PAIRED FLAG
[141/389] L0 C_315__0: vuln=functional_mismatch/5 fixed=equivalent_implementation_difference/10
[142/389] L0 C_316__1: vuln=degenerate_generation/1 fixed=equivalent_implementation_difference/10
[143/389] L0 C_31__0: vuln=equivalent_implementation_difference/10 fixed=equivalent_implementation_difference/10
[144/389] L0 C_327__0: vuln=security_vulnerability_concern/2 fixed=equivalent_implementation_difference/10  <-- PAIRED FLAG
[145/389] L0 C_337__0: vuln=functional_mismatch/4 fixed=equivalent_implementation_difference/10
[146/389] L0 C_335__0: vuln=security_vulnerability_concern/2 fixed=equivalent_implementation_difference/10  <-- PAIRED FLAG
[147/389] L0 C_339__0: vuln=security_vulnerability_concern/2 fixed=equivalent_implementation_difference/10  <-- PAIRED FLAG
[148/389] L0 C_339__1: vuln=security_vulnerability_concern/2 fixed=equivalent_implementation_difference/10  <-- PAIRED FLAG
[149/389] L0 C_33__0: vuln=security_vulnerability_concern/2 fixed=equivalent_implementation_difference/10  <-- PAIRED FLAG
[150/389] L0 C_340__1: vuln=security_vulnerability_concern/2 fixed=equivalent_implementation_difference/10  <-- PAIRED FLAG
[151/389] L0 C_349__0: vuln=quality_bug/7 fixed=equivalent_implementation_difference/10
[152/389] L0 C_340__2: vuln=security_vulnerability_concern/2 fixed=equivalent_implementation_difference/10  <-- PAIRED FLAG
[153/389] L0 C_355__0: vuln=functional_mismatch/5 fixed=equivalent_implementation_difference/10
[154/389] L0 C_356__0: vuln=functional_mismatch/5 fixed=equivalent_implementation_difference/10
[155/389] L0 C_358__0: vuln=equivalent_implementation_difference/10 fixed=equivalent_implementation_difference/10
[156/389] L0 C_365__0: vuln=equivalent_implementation_difference/10 fixed=equivalent_implementation_difference/10
[157/389] L0 C_360__0: vuln=security_vulnerability_concern/2 fixed=equivalent_implementation_difference/10  <-- PAIRED FLAG
[158/389] L0 C_368__0: vuln=security_vulnerability_concern/2 fixed=equivalent_implementation_difference/10  <-- PAIRED FLAG
[159/389] L0 C_366__1: vuln=security_vulnerability_concern/2 fixed=equivalent_implementation_difference/10  <-- PAIRED FLAG
[160/389] L0 C_369__0: vuln=equivalent_implementation_difference/10 fixed=equivalent_implementation_difference/10
[161/389] L0 C_371__0: vuln=security_vulnerability_concern/2 fixed=equivalent_implementation_difference/10  <-- PAIRED FLAG
[162/389] L0 C_384__0: vuln=degenerate_generation/1 fixed=equivalent_implementation_difference/10
[163/389] L0 C_385__0: vuln=quality_bug/7 fixed=equivalent_implementation_difference/10
[164/389] L0 C_384__1: vuln=security_vulnerability_concern/2 fixed=equivalent_implementation_difference/10  <-- PAIRED FLAG
[165/389] L0 C_395__0: vuln=equivalent_implementation_difference/10 fixed=equivalent_implementation_difference/10
[166/389] L0 C_389__0: vuln=equivalent_implementation_difference/10 fixed=equivalent_implementation_difference/10
[167/389] L0 C_390__1: vuln=security_vulnerability_concern/3 fixed=equivalent_implementation_difference/10  <-- PAIRED FLAG
[168/389] L0 C_390__2: vuln=security_vulnerability_concern/2 fixed=equivalent_implementation_difference/10  <-- PAIRED FLAG
[169/389] L0 C_39__0: vuln=security_vulnerability_concern/2 fixed=equivalent_implementation_difference/10  <-- PAIRED FLAG
[170/389] L0 C_411__0: vuln=equivalent_implementation_difference/10 fixed=equivalent_implementation_difference/10
[171/389] L0 C_3__0: vuln=equivalent_implementation_difference/10 fixed=equivalent_implementation_difference/10
[172/389] L0 C_408__0: vuln=equivalent_implementation_difference/10 fixed=equivalent_implementation_difference/10
[173/389] L0 C_417__0: vuln=security_vulnerability_concern/2 fixed=equivalent_implementation_difference/10  <-- PAIRED FLAG
[174/389] L0 C_414__0: vuln=quality_bug/8 fixed=equivalent_implementation_difference/10
[175/389] L0 C_41__0: vuln=equivalent_implementation_difference/10 fixed=equivalent_implementation_difference/10
[176/389] L0 C_424__0: vuln=equivalent_implementation_difference/10 fixed=equivalent_implementation_difference/10
[177/389] L0 C_424__1: vuln=equivalent_implementation_difference/10 fixed=equivalent_implementation_difference/10
[178/389] L0 C_424__2: vuln=equivalent_implementation_difference/10 fixed=equivalent_implementation_difference/10
[179/389] L0 C_424__3: vuln=equivalent_implementation_difference/10 fixed=equivalent_implementation_difference/10
[180/389] L0 C_424__4: vuln=equivalent_implementation_difference/10 fixed=equivalent_implementation_difference/10
[181/389] L0 C_432__0: vuln=security_vulnerability_concern/3 fixed=equivalent_implementation_difference/10  <-- PAIRED FLAG
[182/389] L0 C_439__1: vuln=quality_bug/7 fixed=equivalent_implementation_difference/10
[183/389] L0 C_43__0: vuln=functional_mismatch/4 fixed=equivalent_implementation_difference/10
[184/389] L0 C_433__0: vuln=functional_mismatch/7 fixed=equivalent_implementation_difference/10
[185/389] L0 C_461__0: vuln=functional_mismatch/5 fixed=equivalent_implementation_difference/10
[186/389] L0 C_450__0: vuln=quality_bug/8 fixed=equivalent_implementation_difference/10
[187/389] L0 C_440__0: vuln=security_vulnerability_concern/2 fixed=equivalent_implementation_difference/10  <-- PAIRED FLAG
[188/389] L0 C_463__1: vuln=degenerate_generation/1 fixed=equivalent_implementation_difference/10
[189/389] L0 C_464__0: vuln=security_vulnerability_concern/2 fixed=equivalent_implementation_difference/10  <-- PAIRED FLAG
[190/389] L0 C_463__0: vuln=quality_bug/8 fixed=equivalent_implementation_difference/10
[191/389] L0 C_466__2: vuln=functional_mismatch/3 fixed=equivalent_implementation_difference/10
[192/389] L0 C_467__0: vuln=degenerate_generation/1 fixed=equivalent_implementation_difference/10
[193/389] L0 C_467__1: vuln=quality_bug/7 fixed=equivalent_implementation_difference/10
[194/389] L0 C_467__2: vuln=degenerate_generation/1 fixed=equivalent_implementation_difference/10
[195/389] L0 C_467__3: vuln=functional_mismatch/5 fixed=equivalent_implementation_difference/10
[196/389] L0 C_468__0: vuln=equivalent_implementation_difference/10 fixed=equivalent_implementation_difference/10
[197/389] L0 C_468__1: vuln=functional_mismatch/5 fixed=equivalent_implementation_difference/10
[198/389] L0 C_46__0: vuln=security_vulnerability_concern/2 fixed=security_vulnerability_concern/2
[199/389] L0 C_473__0: vuln=security_vulnerability_concern/3 fixed=equivalent_implementation_difference/10  <-- PAIRED FLAG
[200/389] L0 C_474__1: vuln=security_vulnerability_concern/2 fixed=equivalent_implementation_difference/10  <-- PAIRED FLAG
[201/389] L0 C_47__1: vuln=security_vulnerability_concern/2 fixed=equivalent_implementation_difference/10  <-- PAIRED FLAG
[202/389] L0 C_481__0: vuln=security_vulnerability_concern/2 fixed=equivalent_implementation_difference/10  <-- PAIRED FLAG
[203/389] L0 C_483__0: vuln=security_vulnerability_concern/2 fixed=equivalent_implementation_difference/10  <-- PAIRED FLAG
[204/389] L0 C_48__0: vuln=equivalent_implementation_difference/10 fixed=equivalent_implementation_difference/10
[205/389] L0 C_484__0: vuln=functional_mismatch/5 fixed=equivalent_implementation_difference/10
[206/389] L0 C_493__0: vuln=equivalent_implementation_difference/10 fixed=equivalent_implementation_difference/10
[207/389] L0 C_491__0: vuln=security_vulnerability_concern/2 fixed=equivalent_implementation_difference/10  <-- PAIRED FLAG
[208/389] L0 C_494__0: vuln=security_vulnerability_concern/2 fixed=equivalent_implementation_difference/10  <-- PAIRED FLAG
[209/389] L0 C_495__0: vuln=functional_mismatch/4 fixed=equivalent_implementation_difference/10
[210/389] L0 C_497__0: vuln=security_vulnerability_concern/2 fixed=equivalent_implementation_difference/10  <-- PAIRED FLAG
[211/389] L0 C_4__0: vuln=functional_mismatch/4 fixed=equivalent_implementation_difference/10
[212/389] L0 C_4__1: vuln=functional_mismatch/3 fixed=equivalent_implementation_difference/10
[213/389] L0 C_50__0: vuln=equivalent_implementation_difference/10 fixed=equivalent_implementation_difference/10
[214/389] L0 C_500__0: vuln=functional_mismatch/5 fixed=equivalent_implementation_difference/10
[215/389] L0 C_425__0: vuln=quality_bug/8 fixed=equivalent_implementation_difference/10
[216/389] L0 C_51__0: vuln=functional_mismatch/4 fixed=equivalent_implementation_difference/10
[217/389] L0 C_524__0: vuln=functional_mismatch/5 fixed=equivalent_implementation_difference/10
[218/389] L0 C_522__0: vuln=quality_bug/8 fixed=equivalent_implementation_difference/10
[219/389] L0 C_526__0: vuln=equivalent_implementation_difference/10 fixed=equivalent_implementation_difference/10
[220/389] L0 C_543__0: vuln=degenerate_generation/1 fixed=equivalent_implementation_difference/10
[221/389] L0 C_55__0: vuln=security_vulnerability_concern/2 fixed=equivalent_implementation_difference/10  <-- PAIRED FLAG
[222/389] L0 C_565__0: vuln=functional_mismatch/4 fixed=equivalent_implementation_difference/10
[223/389] L0 C_564__1: vuln=degenerate_generation/1 fixed=equivalent_implementation_difference/10
[224/389] L0 C_535__0: vuln=functional_mismatch/7 fixed=quality_bug/7
[225/389] L0 C_565__1: vuln=functional_mismatch/5 fixed=equivalent_implementation_difference/10
[226/389] L0 C_566__0: vuln=equivalent_implementation_difference/9 fixed=equivalent_implementation_difference/10
[227/389] L0 C_568__0: vuln=equivalent_implementation_difference/10 fixed=equivalent_implementation_difference/10
[228/389] L0 C_569__0: vuln=functional_mismatch/4 fixed=equivalent_implementation_difference/10
[229/389] L0 C_574__1: vuln=security_vulnerability_concern/2 fixed=equivalent_implementation_difference/10  <-- PAIRED FLAG
[230/389] L0 C_580__0: vuln=equivalent_implementation_difference/10 fixed=equivalent_implementation_difference/10
[231/389] L0 C_57__0: vuln=security_vulnerability_concern/2 fixed=equivalent_implementation_difference/10  <-- PAIRED FLAG
[232/389] L0 C_582__0: vuln=functional_mismatch/4 fixed=equivalent_implementation_difference/10
[233/389] L0 C_583__1: vuln=security_vulnerability_concern/2 fixed=equivalent_implementation_difference/10  <-- PAIRED FLAG
[234/389] L0 C_583__0: vuln=security_vulnerability_concern/2 fixed=equivalent_implementation_difference/10  <-- PAIRED FLAG
[235/389] L0 C_588__0: vuln=degenerate_generation/1 fixed=equivalent_implementation_difference/10
[236/389] L0 C_588__3: vuln=functional_mismatch/4 fixed=equivalent_implementation_difference/10
[237/389] L0 C_588__7: vuln=security_vulnerability_concern/2 fixed=equivalent_implementation_difference/10  <-- PAIRED FLAG
[238/389] L0 C_590__0: vuln=equivalent_implementation_difference/10 fixed=equivalent_implementation_difference/10
[239/389] L0 C_588__4: vuln=functional_mismatch/5 fixed=equivalent_implementation_difference/10
[240/389] L0 C_589__0: vuln=equivalent_implementation_difference/10 fixed=equivalent_implementation_difference/10
[241/389] L0 C_596__1: vuln=quality_bug/8 fixed=equivalent_implementation_difference/10
[242/389] L0 C_591__0: vuln=functional_mismatch/5 fixed=equivalent_implementation_difference/10
[243/389] L0 C_595__0: vuln=functional_mismatch/4 fixed=equivalent_implementation_difference/10
[244/389] L0 C_597__0: vuln=functional_mismatch/3 fixed=equivalent_implementation_difference/10
[245/389] L0 C_600__0: vuln=degenerate_generation/1 fixed=equivalent_implementation_difference/10
[246/389] L0 C_5__0: vuln=equivalent_implementation_difference/10 fixed=equivalent_implementation_difference/10
[247/389] L0 C_601__0: vuln=degenerate_generation/1 fixed=equivalent_implementation_difference/10
[248/389] L0 C_605__0: vuln=quality_bug/8 fixed=equivalent_implementation_difference/10
[249/389] L0 C_616__0: vuln=equivalent_implementation_difference/10 fixed=equivalent_implementation_difference/10
[250/389] L0 C_609__0: vuln=security_vulnerability_concern/2 fixed=equivalent_implementation_difference/10  <-- PAIRED FLAG
[251/389] L0 C_60__0: vuln=functional_mismatch/4 fixed=equivalent_implementation_difference/10
[252/389] L0 C_617__0: vuln=security_vulnerability_concern/3 fixed=equivalent_implementation_difference/10  <-- PAIRED FLAG
[253/389] L0 C_623__0: vuln=security_vulnerability_concern/2 fixed=equivalent_implementation_difference/10  <-- PAIRED FLAG
[254/389] L0 C_618__0: vuln=security_vulnerability_concern/2 fixed=equivalent_implementation_difference/10  <-- PAIRED FLAG
[255/389] L0 C_624__0: vuln=security_vulnerability_concern/2 fixed=equivalent_implementation_difference/10  <-- PAIRED FLAG
[256/389] L0 C_626__0: vuln=security_vulnerability_concern/2 fixed=equivalent_implementation_difference/10  <-- PAIRED FLAG
[257/389] L0 C_626__1: vuln=functional_mismatch/7 fixed=equivalent_implementation_difference/10
[258/389] L0 C_627__1: vuln=security_vulnerability_concern/2 fixed=equivalent_implementation_difference/10  <-- PAIRED FLAG
[259/389] L0 C_627__0: vuln=security_vulnerability_concern/2 fixed=equivalent_implementation_difference/10  <-- PAIRED FLAG
[260/389] L0 C_628__0: vuln=functional_mismatch/3 fixed=equivalent_implementation_difference/10
[261/389] L0 C_62__0: vuln=functional_mismatch/4 fixed=equivalent_implementation_difference/10
[262/389] L0 C_635__0: vuln=security_vulnerability_concern/2 fixed=equivalent_implementation_difference/10  <-- PAIRED FLAG
[263/389] L0 C_630__0: vuln=security_vulnerability_concern/2 fixed=equivalent_implementation_difference/10  <-- PAIRED FLAG
[264/389] L0 C_642__0: vuln=security_vulnerability_concern/2 fixed=equivalent_implementation_difference/10  <-- PAIRED FLAG
[265/389] L0 C_647__0: vuln=equivalent_implementation_difference/10 fixed=equivalent_implementation_difference/10
[266/389] L0 C_643__0: vuln=security_vulnerability_concern/3 fixed=equivalent_implementation_difference/10  <-- PAIRED FLAG
[267/389] L0 C_647__1: vuln=functional_mismatch/7 fixed=equivalent_implementation_difference/10
[268/389] L0 C_648__0: vuln=equivalent_implementation_difference/10 fixed=equivalent_implementation_difference/10
[269/389] L0 C_651__0: vuln=degenerate_generation/1 fixed=equivalent_implementation_difference/10
[270/389] L0 C_652__0: vuln=functional_mismatch/5 fixed=equivalent_implementation_difference/10
[271/389] L0 C_660__0: vuln=functional_mismatch/4 fixed=equivalent_implementation_difference/10
[272/389] L0 C_666__0: vuln=security_vulnerability_concern/2 fixed=equivalent_implementation_difference/10  <-- PAIRED FLAG
[273/389] L0 C_667__0: vuln=functional_mismatch/4 fixed=equivalent_implementation_difference/10
[274/389] L0 C_664__0: vuln=equivalent_implementation_difference/10 fixed=equivalent_implementation_difference/10
[275/389] L0 C_661__0: vuln=security_vulnerability_concern/2 fixed=equivalent_implementation_difference/10  <-- PAIRED FLAG
[276/389] L0 C_668__0: vuln=security_vulnerability_concern/2 fixed=equivalent_implementation_difference/10  <-- PAIRED FLAG
[277/389] L0 C_66__0: vuln=functional_mismatch/3 fixed=equivalent_implementation_difference/10
[278/389] L0 C_674__0: vuln=functional_mismatch/5 fixed=equivalent_implementation_difference/10
[279/389] L0 C_675__0: vuln=security_vulnerability_concern/2 fixed=equivalent_implementation_difference/10  <-- PAIRED FLAG
[280/389] L0 C_677__0: vuln=security_vulnerability_concern/2 fixed=equivalent_implementation_difference/10  <-- PAIRED FLAG
[281/389] L0 C_684__0: vuln=equivalent_implementation_difference/10 fixed=equivalent_implementation_difference/10
[282/389] L0 C_68__1: vuln=security_vulnerability_concern/2 fixed=equivalent_implementation_difference/10  <-- PAIRED FLAG
[283/389] L0 C_693__0: vuln=functional_mismatch/5 fixed=equivalent_implementation_difference/10
[284/389] L0 C_679__0: vuln=equivalent_implementation_difference/10 fixed=equivalent_implementation_difference/10
[285/389] L0 C_695__0: vuln=equivalent_implementation_difference/10 fixed=equivalent_implementation_difference/10
[286/389] L0 C_69__0: vuln=equivalent_implementation_difference/10 fixed=equivalent_implementation_difference/10
[287/389] L0 C_69__1: vuln=degenerate_generation/1 fixed=equivalent_implementation_difference/10
[288/389] L0 C_701__0: vuln=equivalent_implementation_difference/10 fixed=equivalent_implementation_difference/10
[289/389] L0 C_6__0: vuln=equivalent_implementation_difference/10 fixed=equivalent_implementation_difference/10
[290/389] L0 C_702__0: vuln=equivalent_implementation_difference/10 fixed=equivalent_implementation_difference/10
[291/389] L0 C_700__1: vuln=functional_mismatch/4 fixed=equivalent_implementation_difference/10
[292/389] L0 C_705__0: vuln=functional_mismatch/5 fixed=equivalent_implementation_difference/10
[293/389] L0 C_708__1: vuln=functional_mismatch/5 fixed=equivalent_implementation_difference/10
[294/389] L0 C_713__0: vuln=functional_mismatch/4 fixed=equivalent_implementation_difference/10
[295/389] L0 C_70__0: vuln=quality_bug/8 fixed=equivalent_implementation_difference/10
[296/389] L0 C_718__0: vuln=equivalent_implementation_difference/10 fixed=equivalent_implementation_difference/10
[297/389] L0 C_714__0: vuln=quality_bug/8 fixed=equivalent_implementation_difference/10
[298/389] L0 C_726__0: vuln=security_vulnerability_concern/2 fixed=equivalent_implementation_difference/10  <-- PAIRED FLAG
[299/389] L0 C_717__0: vuln=security_vulnerability_concern/3 fixed=equivalent_implementation_difference/10  <-- PAIRED FLAG
[300/389] L0 C_727__1: vuln=security_vulnerability_concern/2 fixed=equivalent_implementation_difference/10  <-- PAIRED FLAG
[301/389] L0 C_728__0: vuln=functional_mismatch/5 fixed=equivalent_implementation_difference/10
[302/389] L0 C_735__0: vuln=security_vulnerability_concern/2 fixed=equivalent_implementation_difference/10  <-- PAIRED FLAG
[303/389] L0 C_739__1: vuln=equivalent_implementation_difference/10 fixed=equivalent_implementation_difference/10
[304/389] L0 C_738__0: vuln=functional_mismatch/5 fixed=equivalent_implementation_difference/10
[305/389] L0 C_739__0: vuln=equivalent_implementation_difference/10 fixed=equivalent_implementation_difference/10
[306/389] L0 C_761__0: skipped
[307/389] L0 C_737__1: vuln=functional_mismatch/4 fixed=equivalent_implementation_difference/10
[308/389] L0 C_740__0: vuln=equivalent_implementation_difference/10 fixed=equivalent_implementation_difference/10
[309/389] L0 C_73__0: vuln=quality_bug/8 fixed=equivalent_implementation_difference/10
[310/389] L0 C_74__0: vuln=functional_mismatch/4 fixed=equivalent_implementation_difference/10
[311/389] L0 C_750__0: vuln=functional_mismatch/5 fixed=equivalent_implementation_difference/10
[312/389] L0 C_753__0: vuln=security_vulnerability_concern/2 fixed=equivalent_implementation_difference/10  <-- PAIRED FLAG
[313/389] L0 C_769__0: vuln=functional_mismatch/6 fixed=equivalent_implementation_difference/10
[314/389] L0 C_752__0: vuln=functional_mismatch/5 fixed=equivalent_implementation_difference/10
[315/389] L0 C_76__0: vuln=quality_bug/8 fixed=equivalent_implementation_difference/10
[316/389] L0 C_773__0: vuln=security_vulnerability_concern/2 fixed=equivalent_implementation_difference/10  <-- PAIRED FLAG
[317/389] L0 C_775__0: vuln=degenerate_generation/1 fixed=equivalent_implementation_difference/10
[318/389] L0 C_783__0: vuln=functional_mismatch/4 fixed=equivalent_implementation_difference/10
[319/389] L0 C_795__0: vuln=degenerate_generation/1 fixed=equivalent_implementation_difference/10
[320/389] L0 C_788__0: vuln=security_vulnerability_concern/2 fixed=security_vulnerability_concern/2
[321/389] L0 C_78__0: vuln=equivalent_implementation_difference/10 fixed=equivalent_implementation_difference/10
[322/389] L0 C_7__0: vuln=equivalent_implementation_difference/10 fixed=equivalent_implementation_difference/10
[323/389] L0 C_807__0: vuln=functional_mismatch/5 fixed=equivalent_implementation_difference/10
[324/389] L0 C_802__0: vuln=security_vulnerability_concern/2 fixed=equivalent_implementation_difference/10  <-- PAIRED FLAG
[325/389] L0 C_809__0: vuln=functional_mismatch/6 fixed=equivalent_implementation_difference/10
[326/389] L0 C_81__0: vuln=equivalent_implementation_difference/10 fixed=equivalent_implementation_difference/10
[327/389] L0 C_809__1: vuln=security_vulnerability_concern/2 fixed=equivalent_implementation_difference/10  <-- PAIRED FLAG
[328/389] L0 C_814__0: vuln=equivalent_implementation_difference/10 fixed=equivalent_implementation_difference/10
[329/389] L0 C_811__0: vuln=functional_mismatch/4 fixed=equivalent_implementation_difference/10
[330/389] L0 C_820__1: vuln=functional_mismatch/5 fixed=equivalent_implementation_difference/10
[331/389] L0 C_822__0: vuln=functional_mismatch/4 fixed=equivalent_implementation_difference/10
[332/389] L0 C_827__0: vuln=quality_bug/8 fixed=equivalent_implementation_difference/10
[333/389] L0 C_824__0: vuln=equivalent_implementation_difference/10 fixed=equivalent_implementation_difference/10
[334/389] L0 C_82__0: vuln=quality_bug/8 fixed=equivalent_implementation_difference/10
[335/389] L0 C_829__0: vuln=equivalent_implementation_difference/10 fixed=equivalent_implementation_difference/10
[336/389] L0 C_82__1: vuln=equivalent_implementation_difference/10 fixed=equivalent_implementation_difference/10
[337/389] L0 C_830__0: vuln=equivalent_implementation_difference/10 fixed=equivalent_implementation_difference/10
[338/389] L0 C_834__0: vuln=degenerate_generation/1 fixed=equivalent_implementation_difference/10
[339/389] L0 C_835__0: vuln=security_vulnerability_concern/2 fixed=equivalent_implementation_difference/10  <-- PAIRED FLAG
[340/389] L0 C_831__0: vuln=quality_bug/8 fixed=equivalent_implementation_difference/10
[341/389] L0 C_833__0: vuln=degenerate_generation/1 fixed=equivalent_implementation_difference/10
[342/389] L0 C_836__0: vuln=functional_mismatch/7 fixed=equivalent_implementation_difference/10
[343/389] L0 C_846__3: vuln=security_vulnerability_concern/2 fixed=equivalent_implementation_difference/10  <-- PAIRED FLAG
[344/389] L0 C_844__0: vuln=quality_bug/8 fixed=equivalent_implementation_difference/10
[345/389] L0 C_857__0: vuln=equivalent_implementation_difference/10 fixed=equivalent_implementation_difference/10
[346/389] L0 C_847__0: vuln=degenerate_generation/1 fixed=equivalent_implementation_difference/10
[347/389] L0 C_859__1: vuln=security_vulnerability_concern/2 fixed=equivalent_implementation_difference/10  <-- PAIRED FLAG
[348/389] L0 C_867__0: vuln=functional_mismatch/7 fixed=equivalent_implementation_difference/10
[349/389] L0 C_866__0: vuln=functional_mismatch/5 fixed=equivalent_implementation_difference/10
[350/389] L0 C_880__0: vuln=security_vulnerability_concern/2 fixed=equivalent_implementation_difference/10  <-- PAIRED FLAG
[351/389] L0 C_878__0: vuln=functional_mismatch/4 fixed=equivalent_implementation_difference/10
[352/389] L0 C_884__2: vuln=security_vulnerability_concern/3 fixed=equivalent_implementation_difference/10  <-- PAIRED FLAG
[353/389] L0 C_869__0: vuln=equivalent_implementation_difference/10 fixed=equivalent_implementation_difference/10
[354/389] L0 C_872__0: vuln=security_vulnerability_concern/2 fixed=equivalent_implementation_difference/10  <-- PAIRED FLAG
[355/389] L0 C_886__1: vuln=security_vulnerability_concern/2 fixed=equivalent_implementation_difference/10  <-- PAIRED FLAG
[356/389] L0 C_889__0: vuln=security_vulnerability_concern/2 fixed=equivalent_implementation_difference/10  <-- PAIRED FLAG
[357/389] L0 C_888__0: vuln=equivalent_implementation_difference/9 fixed=equivalent_implementation_difference/10
[358/389] L0 C_88__0: vuln=functional_mismatch/5 fixed=equivalent_implementation_difference/10
[359/389] L0 C_893__0: vuln=degenerate_generation/1 fixed=equivalent_implementation_difference/10
[360/389] L0 C_893__1: vuln=functional_mismatch/4 fixed=equivalent_implementation_difference/10
[361/389] L0 C_897__0: vuln=functional_mismatch/4 fixed=equivalent_implementation_difference/10
[362/389] L0 C_898__0: vuln=functional_mismatch/5 fixed=equivalent_implementation_difference/10
[363/389] L0 C_8__0: vuln=equivalent_implementation_difference/10 fixed=equivalent_implementation_difference/10
[364/389] L0 C_94__0: vuln=quality_bug/8 fixed=equivalent_implementation_difference/10
[365/389] L0 C_92__0: vuln=security_vulnerability_concern/2 fixed=equivalent_implementation_difference/10  <-- PAIRED FLAG
[366/389] L0 C_94__1: vuln=equivalent_implementation_difference/10 fixed=equivalent_implementation_difference/10
[367/389] L0 C_96__0: vuln=security_vulnerability_concern/2 fixed=equivalent_implementation_difference/10  <-- PAIRED FLAG
[368/389] L0 C_96__1: vuln=equivalent_implementation_difference/10 fixed=equivalent_implementation_difference/10
[369/389] L0 C_95__0: vuln=security_vulnerability_concern/2 fixed=equivalent_implementation_difference/10  <-- PAIRED FLAG
[370/389] L0 C_99__0: vuln=functional_mismatch/5 fixed=equivalent_implementation_difference/10
[371/389] L0 C_95__1: vuln=equivalent_implementation_difference/10 fixed=equivalent_implementation_difference/10
[372/389] L0 Cpp_13__0: vuln=security_vulnerability_concern/2 fixed=equivalent_implementation_difference/10  <-- PAIRED FLAG
[373/389] L0 Cpp_16__0: vuln=functional_mismatch/4 fixed=equivalent_implementation_difference/10
[374/389] L0 Cpp_270__0: vuln=functional_mismatch/4 fixed=equivalent_implementation_difference/10
[375/389] L0 Cpp_270__1: vuln=security_vulnerability_concern/3 fixed=equivalent_implementation_difference/10  <-- PAIRED FLAG
[376/389] L0 Cpp_445__0: vuln=functional_mismatch/4 fixed=equivalent_implementation_difference/10
[377/389] L0 Cpp_377__0: vuln=equivalent_implementation_difference/10 fixed=equivalent_implementation_difference/10
[378/389] L0 Cpp_478__0: vuln=degenerate_generation/1 fixed=equivalent_implementation_difference/10
[379/389] L0 Cpp_376__0: vuln=functional_mismatch/6 fixed=equivalent_implementation_difference/10
[380/389] L0 Cpp_492__0: vuln=security_vulnerability_concern/2 fixed=equivalent_implementation_difference/10  <-- PAIRED FLAG
[381/389] L0 Cpp_478__1: vuln=security_vulnerability_concern/3 fixed=equivalent_implementation_difference/10  <-- PAIRED FLAG
[382/389] L0 Cpp_697__0: vuln=quality_bug/7 fixed=equivalent_implementation_difference/10
[383/389] L0 Cpp_691__0: vuln=equivalent_implementation_difference/10 fixed=equivalent_implementation_difference/10
[384/389] L0 Cpp_711__1: vuln=security_vulnerability_concern/2 fixed=equivalent_implementation_difference/10  <-- PAIRED FLAG
[385/389] L0 Cpp_711__0: vuln=security_vulnerability_concern/2 fixed=equivalent_implementation_difference/10  <-- PAIRED FLAG
[386/389] L0 Cpp_711__2: vuln=security_vulnerability_concern/3 fixed=equivalent_implementation_difference/10  <-- PAIRED FLAG
[387/389] L0 Cpp_711__3: vuln=security_vulnerability_concern/2 fixed=equivalent_implementation_difference/10  <-- PAIRED FLAG
[388/389] L0 Cpp_755__0: vuln=security_vulnerability_concern/2 fixed=equivalent_implementation_difference/10  <-- PAIRED FLAG
[389/389] L0 Cpp_804__0: vuln=equivalent_implementation_difference/9 fixed=equivalent_implementation_difference/10
L0 done in 8.6 min - ok=387 skipped=2 failed=0  paired-flag 140/387 (36.2%)

=== L1: 392 cases ===
[1/392] L1 C_1061__0: vuln=functional_mismatch/4 fixed=equivalent_implementation_difference/10
[2/392] L1 C_104__1: vuln=degenerate_generation/1 fixed=equivalent_implementation_difference/10
[3/392] L1 C_106__0: vuln=equivalent_implementation_difference/10 fixed=equivalent_implementation_difference/10
[4/392] L1 C_103__0: vuln=equivalent_implementation_difference/10 fixed=equivalent_implementation_difference/10
[5/392] L1 C_102__0: vuln=equivalent_implementation_difference/10 fixed=equivalent_implementation_difference/10
[6/392] L1 C_102__1: vuln=equivalent_implementation_difference/10 fixed=equivalent_implementation_difference/10
[7/392] L1 C_1053__1: vuln=degenerate_generation/1 fixed=equivalent_implementation_difference/10
[8/392] L1 C_1049__0: vuln=functional_mismatch/5 fixed=equivalent_implementation_difference/10
[9/392] L1 C_1088__0: vuln=degenerate_generation/1 fixed=equivalent_implementation_difference/10
[10/392] L1 C_1086__0: vuln=functional_mismatch/5 fixed=equivalent_implementation_difference/10
[11/392] L1 C_1086__3: vuln=degenerate_generation/1 fixed=equivalent_implementation_difference/10
[12/392] L1 C_1103__0: vuln=equivalent_implementation_difference/10 fixed=equivalent_implementation_difference/10
[13/392] L1 C_1079__0: vuln=security_vulnerability_concern/2 fixed=equivalent_implementation_difference/10  <-- PAIRED FLAG
[14/392] L1 C_1086__2: vuln=functional_mismatch/3 fixed=equivalent_implementation_difference/10
[15/392] L1 C_1114__0: vuln=equivalent_implementation_difference/10 fixed=equivalent_implementation_difference/10
[16/392] L1 C_108__0: vuln=equivalent_implementation_difference/10 fixed=equivalent_implementation_difference/10
[17/392] L1 C_1115__0: vuln=equivalent_implementation_difference/10 fixed=equivalent_implementation_difference/10
[18/392] L1 C_112__0: vuln=security_vulnerability_concern/2 fixed=equivalent_implementation_difference/10  <-- PAIRED FLAG
[19/392] L1 C_1138__0: vuln=degenerate_generation/1 fixed=equivalent_implementation_difference/10
[20/392] L1 C_1127__0: vuln=equivalent_implementation_difference/10 fixed=equivalent_implementation_difference/10
[21/392] L1 C_1126__0: vuln=functional_mismatch/4 fixed=equivalent_implementation_difference/10
[22/392] L1 C_1146__0: vuln=equivalent_implementation_difference/10 fixed=equivalent_implementation_difference/10
[23/392] L1 C_114__0: vuln=security_vulnerability_concern/2 fixed=equivalent_implementation_difference/10  <-- PAIRED FLAG
[24/392] L1 C_1151__0: vuln=equivalent_implementation_difference/10 fixed=equivalent_implementation_difference/10
[25/392] L1 C_1158__0: vuln=equivalent_implementation_difference/10 fixed=equivalent_implementation_difference/10
[26/392] L1 C_1160__0: vuln=equivalent_implementation_difference/10 fixed=equivalent_implementation_difference/10
[27/392] L1 C_1170__0: vuln=functional_mismatch/5 fixed=equivalent_implementation_difference/10
[28/392] L1 C_116__0: vuln=equivalent_implementation_difference/10 fixed=equivalent_implementation_difference/10
[29/392] L1 C_1162__0: vuln=equivalent_implementation_difference/10 fixed=equivalent_implementation_difference/10
[30/392] L1 C_1165__0: vuln=equivalent_implementation_difference/10 fixed=equivalent_implementation_difference/10
[31/392] L1 C_1164__1: vuln=security_vulnerability_concern/3 fixed=functional_mismatch/4  <-- PAIRED FLAG
[32/392] L1 C_1172__0: vuln=equivalent_implementation_difference/10 fixed=equivalent_implementation_difference/10
[33/392] L1 C_1182__0: vuln=security_vulnerability_concern/3 fixed=equivalent_implementation_difference/10  <-- PAIRED FLAG
[34/392] L1 C_118__0: vuln=equivalent_implementation_difference/10 fixed=equivalent_implementation_difference/10
[35/392] L1 C_1191__0: vuln=equivalent_implementation_difference/10 fixed=equivalent_implementation_difference/10
[36/392] L1 C_120__0: vuln=equivalent_implementation_difference/10 fixed=equivalent_implementation_difference/10
[37/392] L1 C_1198__0: vuln=security_vulnerability_concern/2 fixed=equivalent_implementation_difference/10  <-- PAIRED FLAG
[38/392] L1 C_1224__0: vuln=equivalent_implementation_difference/10 fixed=equivalent_implementation_difference/10
[39/392] L1 C_1231__0: vuln=security_vulnerability_concern/3 fixed=equivalent_implementation_difference/10  <-- PAIRED FLAG
[40/392] L1 C_1236__0: vuln=equivalent_implementation_difference/10 fixed=equivalent_implementation_difference/10
[41/392] L1 C_123__1: vuln=security_vulnerability_concern/2 fixed=equivalent_implementation_difference/10  <-- PAIRED FLAG
[42/392] L1 C_1258__0: vuln=security_vulnerability_concern/3 fixed=equivalent_implementation_difference/10  <-- PAIRED FLAG
[43/392] L1 C_123__0: vuln=security_vulnerability_concern/2 fixed=equivalent_implementation_difference/10  <-- PAIRED FLAG
[44/392] L1 C_1258__1: vuln=equivalent_implementation_difference/10 fixed=equivalent_implementation_difference/10
[45/392] L1 C_124__0: vuln=equivalent_implementation_difference/10 fixed=equivalent_implementation_difference/10
[46/392] L1 C_1313__0: skipped
[47/392] L1 C_1259__0: vuln=degenerate_generation/1 fixed=equivalent_implementation_difference/10
[48/392] L1 C_1273__0: vuln=functional_mismatch/5 fixed=equivalent_implementation_difference/10
[49/392] L1 C_1259__1: vuln=equivalent_implementation_difference/10 fixed=equivalent_implementation_difference/10
[50/392] L1 C_1303__0: vuln=equivalent_implementation_difference/10 fixed=equivalent_implementation_difference/10
[51/392] L1 C_1292__0: vuln=equivalent_implementation_difference/10 fixed=equivalent_implementation_difference/10
[52/392] L1 C_1277__1: vuln=security_vulnerability_concern/2 fixed=equivalent_implementation_difference/10  <-- PAIRED FLAG
[53/392] L1 C_1292__1: vuln=equivalent_implementation_difference/10 fixed=equivalent_implementation_difference/10
[54/392] L1 C_1313__1: vuln=equivalent_implementation_difference/10 fixed=equivalent_implementation_difference/10
[55/392] L1 C_1323__0: vuln=functional_mismatch/5 fixed=equivalent_implementation_difference/10
[56/392] L1 C_1331__0: vuln=functional_mismatch/4 fixed=equivalent_implementation_difference/10
[57/392] L1 C_1334__0: vuln=equivalent_implementation_difference/10 fixed=equivalent_implementation_difference/10
[58/392] L1 C_137__1: vuln=equivalent_implementation_difference/10 fixed=equivalent_implementation_difference/10
[59/392] L1 C_137__0: vuln=equivalent_implementation_difference/10 fixed=equivalent_implementation_difference/10
[60/392] L1 C_137__2: vuln=equivalent_implementation_difference/10 fixed=equivalent_implementation_difference/10
[61/392] L1 C_140__0: vuln=equivalent_implementation_difference/10 fixed=equivalent_implementation_difference/10
[62/392] L1 C_137__3: vuln=equivalent_implementation_difference/10 fixed=equivalent_implementation_difference/10
[63/392] L1 C_1340__0: vuln=equivalent_implementation_difference/10 fixed=equivalent_implementation_difference/10
[64/392] L1 C_141__0: vuln=functional_mismatch/2 fixed=equivalent_implementation_difference/10
[65/392] L1 C_141__1: vuln=functional_mismatch/4 fixed=equivalent_implementation_difference/10
[66/392] L1 C_141__5: vuln=equivalent_implementation_difference/10 fixed=equivalent_implementation_difference/10
[67/392] L1 C_141__6: vuln=functional_mismatch/2 fixed=equivalent_implementation_difference/10
[68/392] L1 C_143__0: vuln=functional_mismatch/4 fixed=equivalent_implementation_difference/10
[69/392] L1 C_141__7: vuln=equivalent_implementation_difference/10 fixed=equivalent_implementation_difference/10
[70/392] L1 C_141__3: vuln=equivalent_implementation_difference/9 fixed=equivalent_implementation_difference/10
[71/392] L1 C_147__0: vuln=equivalent_implementation_difference/10 fixed=equivalent_implementation_difference/10
[72/392] L1 C_149__0: vuln=functional_mismatch/5 fixed=equivalent_implementation_difference/10
[73/392] L1 C_156__0: vuln=equivalent_implementation_difference/10 fixed=equivalent_implementation_difference/10
[74/392] L1 C_149__1: vuln=functional_mismatch/4 fixed=equivalent_implementation_difference/10
[75/392] L1 C_150__0: vuln=equivalent_implementation_difference/10 fixed=equivalent_implementation_difference/10
[76/392] L1 C_157__0: vuln=security_vulnerability_concern/2 fixed=equivalent_implementation_difference/10  <-- PAIRED FLAG
[77/392] L1 C_15__0: vuln=equivalent_implementation_difference/10 fixed=equivalent_implementation_difference/10
[78/392] L1 C_160__1: vuln=security_vulnerability_concern/3 fixed=equivalent_implementation_difference/10  <-- PAIRED FLAG
[79/392] L1 C_165__1: vuln=security_vulnerability_concern/2 fixed=equivalent_implementation_difference/10  <-- PAIRED FLAG
[80/392] L1 C_166__0: vuln=functional_mismatch/4 fixed=equivalent_implementation_difference/10
[81/392] L1 C_167__0: vuln=functional_mismatch/3 fixed=equivalent_implementation_difference/10
[82/392] L1 C_167__1: vuln=functional_mismatch/3 fixed=equivalent_implementation_difference/10
[83/392] L1 C_168__0: vuln=security_vulnerability_concern/2 fixed=equivalent_implementation_difference/10  <-- PAIRED FLAG
[84/392] L1 C_168__1: vuln=security_vulnerability_concern/2 fixed=equivalent_implementation_difference/10  <-- PAIRED FLAG
[85/392] L1 C_169__0: vuln=security_vulnerability_concern/2 fixed=equivalent_implementation_difference/10  <-- PAIRED FLAG
[86/392] L1 C_169__1: vuln=security_vulnerability_concern/2 fixed=equivalent_implementation_difference/10  <-- PAIRED FLAG
[87/392] L1 C_171__0: vuln=security_vulnerability_concern/3 fixed=functional_mismatch/3  <-- PAIRED FLAG
[88/392] L1 C_176__0: vuln=equivalent_implementation_difference/10 fixed=equivalent_implementation_difference/10
[89/392] L1 C_183__0: vuln=equivalent_implementation_difference/10 fixed=equivalent_implementation_difference/10
[90/392] L1 C_181__0: vuln=equivalent_implementation_difference/9 fixed=equivalent_implementation_difference/10
[91/392] L1 C_184__1: vuln=security_vulnerability_concern/2 fixed=equivalent_implementation_difference/10  <-- PAIRED FLAG
[92/392] L1 C_18__0: vuln=equivalent_implementation_difference/10 fixed=equivalent_implementation_difference/10
[93/392] L1 C_197__0: vuln=equivalent_implementation_difference/10 fixed=equivalent_implementation_difference/10
[94/392] L1 C_193__0: vuln=equivalent_implementation_difference/10 fixed=equivalent_implementation_difference/10
[95/392] L1 C_191__0: vuln=security_vulnerability_concern/2 fixed=equivalent_implementation_difference/10  <-- PAIRED FLAG
[96/392] L1 C_198__0: vuln=security_vulnerability_concern/2 fixed=equivalent_implementation_difference/10  <-- PAIRED FLAG
[97/392] L1 C_199__0: vuln=functional_mismatch/4 fixed=equivalent_implementation_difference/10
[98/392] L1 C_199__2: vuln=degenerate_generation/1 fixed=equivalent_implementation_difference/10
[99/392] L1 C_202__0: vuln=equivalent_implementation_difference/10 fixed=equivalent_implementation_difference/10
[100/392] L1 C_200__0: vuln=equivalent_implementation_difference/10 fixed=equivalent_implementation_difference/10
[101/392] L1 C_19__0: vuln=security_vulnerability_concern/3 fixed=equivalent_implementation_difference/10  <-- PAIRED FLAG
[102/392] L1 C_208__0: vuln=equivalent_implementation_difference/10 fixed=equivalent_implementation_difference/10
[103/392] L1 C_205__0: vuln=equivalent_implementation_difference/10 fixed=equivalent_implementation_difference/10
[104/392] L1 C_220__0: vuln=equivalent_implementation_difference/10 fixed=equivalent_implementation_difference/10
[105/392] L1 C_228__0: vuln=functional_mismatch/4 fixed=equivalent_implementation_difference/10
[106/392] L1 C_217__1: vuln=functional_mismatch/5 fixed=equivalent_implementation_difference/10
[107/392] L1 C_236__0: vuln=equivalent_implementation_difference/10 fixed=equivalent_implementation_difference/10
[108/392] L1 C_237__0: vuln=equivalent_implementation_difference/10 fixed=equivalent_implementation_difference/10
[109/392] L1 C_229__0: vuln=functional_mismatch/4 fixed=equivalent_implementation_difference/10
[110/392] L1 C_23__0: vuln=equivalent_implementation_difference/10 fixed=equivalent_implementation_difference/10
[111/392] L1 C_246__0: vuln=equivalent_implementation_difference/10 fixed=equivalent_implementation_difference/10
[112/392] L1 C_238__0: vuln=security_vulnerability_concern/2 fixed=equivalent_implementation_difference/10  <-- PAIRED FLAG
[113/392] L1 C_246__1: vuln=equivalent_implementation_difference/10 fixed=equivalent_implementation_difference/10
[114/392] L1 C_249__1: vuln=degenerate_generation/1 fixed=equivalent_implementation_difference/10
[115/392] L1 C_249__0: vuln=security_vulnerability_concern/2 fixed=equivalent_implementation_difference/10  <-- PAIRED FLAG
[116/392] L1 C_254__0: vuln=equivalent_implementation_difference/10 fixed=equivalent_implementation_difference/10
[117/392] L1 C_250__0: vuln=equivalent_implementation_difference/10 fixed=equivalent_implementation_difference/10
[118/392] L1 C_250__1: vuln=equivalent_implementation_difference/10 fixed=equivalent_implementation_difference/10
[119/392] L1 C_25__1: vuln=functional_mismatch/4 fixed=equivalent_implementation_difference/10
[120/392] L1 C_256__1: vuln=equivalent_implementation_difference/10 fixed=equivalent_implementation_difference/10
[121/392] L1 C_261__0: vuln=equivalent_implementation_difference/10 fixed=equivalent_implementation_difference/10
[122/392] L1 C_265__0: vuln=security_vulnerability_concern/2 fixed=equivalent_implementation_difference/10  <-- PAIRED FLAG
[123/392] L1 C_264__0: vuln=quality_bug/7 fixed=equivalent_implementation_difference/10
[124/392] L1 C_276__0: vuln=equivalent_implementation_difference/10 fixed=equivalent_implementation_difference/10
[125/392] L1 C_26__0: vuln=equivalent_implementation_difference/10 fixed=equivalent_implementation_difference/10
[126/392] L1 C_277__0: vuln=equivalent_implementation_difference/9 fixed=equivalent_implementation_difference/10
[127/392] L1 C_287__0: vuln=equivalent_implementation_difference/10 fixed=equivalent_implementation_difference/10
[128/392] L1 C_27__0: vuln=equivalent_implementation_difference/10 fixed=equivalent_implementation_difference/10
[129/392] L1 C_289__0: vuln=equivalent_implementation_difference/10 fixed=equivalent_implementation_difference/10
[130/392] L1 C_292__0: vuln=equivalent_implementation_difference/10 fixed=equivalent_implementation_difference/10
[131/392] L1 C_28__0: vuln=equivalent_implementation_difference/10 fixed=equivalent_implementation_difference/10
[132/392] L1 C_293__0: vuln=equivalent_implementation_difference/10 fixed=equivalent_implementation_difference/10
[133/392] L1 C_296__0: vuln=equivalent_implementation_difference/10 fixed=equivalent_implementation_difference/10
[134/392] L1 C_292__1: vuln=security_vulnerability_concern/2 fixed=equivalent_implementation_difference/10  <-- PAIRED FLAG
[135/392] L1 C_306__0: vuln=equivalent_implementation_difference/10 fixed=equivalent_implementation_difference/10
[136/392] L1 C_300__1: vuln=functional_mismatch/4 fixed=equivalent_implementation_difference/10
[137/392] L1 C_303__0: vuln=equivalent_implementation_difference/10 fixed=equivalent_implementation_difference/10
[138/392] L1 C_307__0: vuln=equivalent_implementation_difference/10 fixed=equivalent_implementation_difference/10
[139/392] L1 C_308__0: vuln=equivalent_implementation_difference/10 fixed=equivalent_implementation_difference/10
[140/392] L1 C_304__0: vuln=equivalent_implementation_difference/10 fixed=equivalent_implementation_difference/10
[141/392] L1 C_30__0: vuln=equivalent_implementation_difference/10 fixed=equivalent_implementation_difference/10
[142/392] L1 C_312__0: vuln=equivalent_implementation_difference/10 fixed=equivalent_implementation_difference/10
[143/392] L1 C_314__0: vuln=equivalent_implementation_difference/10 fixed=equivalent_implementation_difference/10
[144/392] L1 C_31__0: vuln=equivalent_implementation_difference/10 fixed=equivalent_implementation_difference/10
[145/392] L1 C_316__1: vuln=security_vulnerability_concern/2 fixed=equivalent_implementation_difference/10  <-- PAIRED FLAG
[146/392] L1 C_315__0: vuln=equivalent_implementation_difference/10 fixed=equivalent_implementation_difference/10
[147/392] L1 C_335__0: vuln=equivalent_implementation_difference/10 fixed=equivalent_implementation_difference/10
[148/392] L1 C_327__0: vuln=security_vulnerability_concern/2 fixed=equivalent_implementation_difference/10  <-- PAIRED FLAG
[149/392] L1 C_339__0: vuln=equivalent_implementation_difference/10 fixed=equivalent_implementation_difference/10
[150/392] L1 C_337__0: vuln=functional_mismatch/4 fixed=equivalent_implementation_difference/10
[151/392] L1 C_33__0: vuln=equivalent_implementation_difference/10 fixed=equivalent_implementation_difference/10
[152/392] L1 C_340__1: vuln=degenerate_generation/1 fixed=equivalent_implementation_difference/10
[153/392] L1 C_339__1: vuln=equivalent_implementation_difference/10 fixed=equivalent_implementation_difference/10
[154/392] L1 C_355__0: vuln=functional_mismatch/4 fixed=equivalent_implementation_difference/10
[155/392] L1 C_349__0: vuln=equivalent_implementation_difference/10 fixed=equivalent_implementation_difference/10
[156/392] L1 C_340__2: vuln=equivalent_implementation_difference/10 fixed=equivalent_implementation_difference/10
[157/392] L1 C_356__0: vuln=equivalent_implementation_difference/10 fixed=equivalent_implementation_difference/10
[158/392] L1 C_365__0: vuln=equivalent_implementation_difference/10 fixed=equivalent_implementation_difference/10
[159/392] L1 C_366__1: vuln=equivalent_implementation_difference/10 fixed=equivalent_implementation_difference/10
[160/392] L1 C_358__0: vuln=equivalent_implementation_difference/10 fixed=equivalent_implementation_difference/10
[161/392] L1 C_360__0: vuln=functional_mismatch/4 fixed=equivalent_implementation_difference/10
[162/392] L1 C_368__0: vuln=equivalent_implementation_difference/10 fixed=equivalent_implementation_difference/10
[163/392] L1 C_371__0: vuln=equivalent_implementation_difference/10 fixed=equivalent_implementation_difference/10
[164/392] L1 C_369__0: vuln=equivalent_implementation_difference/10 fixed=equivalent_implementation_difference/10
[165/392] L1 C_384__0: vuln=degenerate_generation/1 fixed=degenerate_generation/1
[166/392] L1 C_389__0: vuln=equivalent_implementation_difference/10 fixed=equivalent_implementation_difference/10
[167/392] L1 C_384__1: vuln=equivalent_implementation_difference/10 fixed=equivalent_implementation_difference/10
[168/392] L1 C_390__1: vuln=functional_mismatch/4 fixed=equivalent_implementation_difference/10
[169/392] L1 C_385__0: vuln=quality_bug/8 fixed=equivalent_implementation_difference/10
[170/392] L1 C_390__2: vuln=security_vulnerability_concern/2 fixed=equivalent_implementation_difference/10  <-- PAIRED FLAG
[171/392] L1 C_39__0: vuln=equivalent_implementation_difference/10 fixed=equivalent_implementation_difference/10
[172/392] L1 C_395__0: vuln=equivalent_implementation_difference/10 fixed=equivalent_implementation_difference/10
[173/392] L1 C_411__0: vuln=equivalent_implementation_difference/10 fixed=equivalent_implementation_difference/10
[174/392] L1 C_414__0: vuln=equivalent_implementation_difference/10 fixed=equivalent_implementation_difference/10
[175/392] L1 C_417__0: vuln=equivalent_implementation_difference/10 fixed=equivalent_implementation_difference/10
[176/392] L1 C_408__0: vuln=equivalent_implementation_difference/10 fixed=equivalent_implementation_difference/10
[177/392] L1 C_3__0: vuln=functional_mismatch/5 fixed=equivalent_implementation_difference/10
[178/392] L1 C_41__0: vuln=equivalent_implementation_difference/10 fixed=equivalent_implementation_difference/10
[179/392] L1 C_424__1: vuln=equivalent_implementation_difference/10 fixed=equivalent_implementation_difference/10
[180/392] L1 C_424__0: vuln=equivalent_implementation_difference/10 fixed=equivalent_implementation_difference/10
[181/392] L1 C_425__0: vuln=equivalent_implementation_difference/10 fixed=equivalent_implementation_difference/10
[182/392] L1 C_432__0: vuln=equivalent_implementation_difference/10 fixed=equivalent_implementation_difference/10
[183/392] L1 C_424__2: vuln=equivalent_implementation_difference/10 fixed=equivalent_implementation_difference/10
[184/392] L1 C_424__3: vuln=equivalent_implementation_difference/10 fixed=equivalent_implementation_difference/10
[185/392] L1 C_424__4: vuln=equivalent_implementation_difference/10 fixed=equivalent_implementation_difference/10
[186/392] L1 C_433__0: vuln=equivalent_implementation_difference/10 fixed=equivalent_implementation_difference/10
[187/392] L1 C_439__1: vuln=equivalent_implementation_difference/10 fixed=equivalent_implementation_difference/10
[188/392] L1 C_450__0: vuln=equivalent_implementation_difference/10 fixed=equivalent_implementation_difference/10
[189/392] L1 C_440__0: vuln=security_vulnerability_concern/2 fixed=equivalent_implementation_difference/10  <-- PAIRED FLAG
[190/392] L1 C_461__0: vuln=security_vulnerability_concern/2 fixed=equivalent_implementation_difference/10  <-- PAIRED FLAG
[191/392] L1 C_43__0: vuln=equivalent_implementation_difference/10 fixed=equivalent_implementation_difference/10
[192/392] L1 C_463__0: vuln=functional_mismatch/4 fixed=equivalent_implementation_difference/10
[193/392] L1 C_463__1: vuln=degenerate_generation/1 fixed=equivalent_implementation_difference/10
[194/392] L1 C_464__0: vuln=equivalent_implementation_difference/10 fixed=equivalent_implementation_difference/10
[195/392] L1 C_466__2: vuln=functional_mismatch/3 fixed=equivalent_implementation_difference/10
[196/392] L1 C_467__2: vuln=security_vulnerability_concern/3 fixed=equivalent_implementation_difference/10  <-- PAIRED FLAG
[197/392] L1 C_467__0: vuln=functional_mismatch/4 fixed=equivalent_implementation_difference/10
[198/392] L1 C_467__1: vuln=quality_bug/8 fixed=equivalent_implementation_difference/10
[199/392] L1 C_468__1: vuln=equivalent_implementation_difference/10 fixed=equivalent_implementation_difference/10
[200/392] L1 C_468__0: vuln=functional_mismatch/5 fixed=equivalent_implementation_difference/10
[201/392] L1 C_46__0: vuln=equivalent_implementation_difference/10 fixed=equivalent_implementation_difference/10
[202/392] L1 C_467__3: vuln=functional_mismatch/5 fixed=equivalent_implementation_difference/10
[203/392] L1 C_473__0: vuln=functional_mismatch/4 fixed=equivalent_implementation_difference/10
[204/392] L1 C_474__1: vuln=security_vulnerability_concern/2 fixed=equivalent_implementation_difference/10  <-- PAIRED FLAG
[205/392] L1 C_47__1: vuln=equivalent_implementation_difference/10 fixed=equivalent_implementation_difference/10
[206/392] L1 C_481__0: vuln=security_vulnerability_concern/2 fixed=equivalent_implementation_difference/10  <-- PAIRED FLAG
[207/392] L1 C_48__0: vuln=equivalent_implementation_difference/10 fixed=equivalent_implementation_difference/10
[208/392] L1 C_483__0: vuln=equivalent_implementation_difference/10 fixed=equivalent_implementation_difference/10
[209/392] L1 C_493__0: vuln=equivalent_implementation_difference/10 fixed=equivalent_implementation_difference/10
[210/392] L1 C_484__0: vuln=functional_mismatch/3 fixed=equivalent_implementation_difference/10
[211/392] L1 C_491__0: vuln=equivalent_implementation_difference/10 fixed=equivalent_implementation_difference/10
[212/392] L1 C_494__0: vuln=equivalent_implementation_difference/10 fixed=equivalent_implementation_difference/10
[213/392] L1 C_4__0: vuln=equivalent_implementation_difference/10 fixed=equivalent_implementation_difference/10
[214/392] L1 C_495__0: vuln=security_vulnerability_concern/2 fixed=equivalent_implementation_difference/10  <-- PAIRED FLAG
[215/392] L1 C_497__0: vuln=functional_mismatch/3 fixed=equivalent_implementation_difference/10
[216/392] L1 C_4__1: vuln=equivalent_implementation_difference/10 fixed=equivalent_implementation_difference/10
[217/392] L1 C_500__0: vuln=equivalent_implementation_difference/10 fixed=equivalent_implementation_difference/10
[218/392] L1 C_51__0: vuln=equivalent_implementation_difference/10 fixed=equivalent_implementation_difference/10
[219/392] L1 C_50__0: vuln=equivalent_implementation_difference/10 fixed=equivalent_implementation_difference/10
[220/392] L1 C_522__0: vuln=equivalent_implementation_difference/10 fixed=equivalent_implementation_difference/10
[221/392] L1 C_543__0: vuln=degenerate_generation/1 fixed=equivalent_implementation_difference/10
[222/392] L1 C_526__0: vuln=equivalent_implementation_difference/10 fixed=equivalent_implementation_difference/10
[223/392] L1 C_524__0: vuln=equivalent_implementation_difference/10 fixed=equivalent_implementation_difference/10
[224/392] L1 C_535__0: vuln=equivalent_implementation_difference/10 fixed=equivalent_implementation_difference/10
[225/392] L1 C_564__1: vuln=degenerate_generation/1 fixed=equivalent_implementation_difference/10
[226/392] L1 C_565__0: vuln=functional_mismatch/5 fixed=equivalent_implementation_difference/10
[227/392] L1 C_55__0: vuln=functional_mismatch/5 fixed=equivalent_implementation_difference/10
[228/392] L1 C_565__1: vuln=equivalent_implementation_difference/10 fixed=equivalent_implementation_difference/10
[229/392] L1 C_574__1: vuln=equivalent_implementation_difference/10 fixed=equivalent_implementation_difference/10
[230/392] L1 C_568__0: vuln=functional_mismatch/6 fixed=equivalent_implementation_difference/10
[231/392] L1 C_569__0: vuln=functional_mismatch/4 fixed=equivalent_implementation_difference/10
[232/392] L1 C_582__0: vuln=equivalent_implementation_difference/10 fixed=equivalent_implementation_difference/10
[233/392] L1 C_580__0: vuln=equivalent_implementation_difference/10 fixed=equivalent_implementation_difference/10
[234/392] L1 C_57__0: vuln=equivalent_implementation_difference/10 fixed=equivalent_implementation_difference/10
[235/392] L1 C_566__0: vuln=functional_mismatch/4 fixed=equivalent_implementation_difference/10
[236/392] L1 C_583__0: vuln=equivalent_implementation_difference/10 fixed=equivalent_implementation_difference/10
[237/392] L1 C_583__1: vuln=equivalent_implementation_difference/10 fixed=equivalent_implementation_difference/10
[238/392] L1 C_588__0: vuln=degenerate_generation/1 fixed=equivalent_implementation_difference/10
[239/392] L1 C_588__3: vuln=security_vulnerability_concern/2 fixed=equivalent_implementation_difference/10  <-- PAIRED FLAG
[240/392] L1 C_588__7: vuln=functional_mismatch/4 fixed=equivalent_implementation_difference/10
[241/392] L1 C_588__4: vuln=functional_mismatch/5 fixed=equivalent_implementation_difference/10
[242/392] L1 C_590__0: vuln=equivalent_implementation_difference/10 fixed=equivalent_implementation_difference/10
[243/392] L1 C_589__0: vuln=quality_bug/8 fixed=equivalent_implementation_difference/10
[244/392] L1 C_591__0: vuln=equivalent_implementation_difference/10 fixed=equivalent_implementation_difference/10
[245/392] L1 C_595__0: vuln=security_vulnerability_concern/3 fixed=equivalent_implementation_difference/10  <-- PAIRED FLAG
[246/392] L1 C_596__1: vuln=equivalent_implementation_difference/10 fixed=equivalent_implementation_difference/10
[247/392] L1 C_597__0: vuln=functional_mismatch/3 fixed=equivalent_implementation_difference/10
[248/392] L1 C_600__0: vuln=degenerate_generation/1 fixed=equivalent_implementation_difference/10
[249/392] L1 C_5__0: vuln=equivalent_implementation_difference/10 fixed=equivalent_implementation_difference/10
[250/392] L1 C_609__0: vuln=equivalent_implementation_difference/10 fixed=equivalent_implementation_difference/10
[251/392] L1 C_605__0: vuln=equivalent_implementation_difference/10 fixed=equivalent_implementation_difference/10
[252/392] L1 C_601__0: vuln=degenerate_generation/1 fixed=equivalent_implementation_difference/10
[253/392] L1 C_60__0: vuln=functional_mismatch/4 fixed=equivalent_implementation_difference/10
[254/392] L1 C_617__0: vuln=equivalent_implementation_difference/10 fixed=equivalent_implementation_difference/10
[255/392] L1 C_616__0: vuln=equivalent_implementation_difference/10 fixed=equivalent_implementation_difference/10
[256/392] L1 C_618__0: vuln=equivalent_implementation_difference/10 fixed=equivalent_implementation_difference/10
[257/392] L1 C_626__0: vuln=security_vulnerability_concern/2 fixed=equivalent_implementation_difference/10  <-- PAIRED FLAG
[258/392] L1 C_623__0: vuln=security_vulnerability_concern/2 fixed=equivalent_implementation_difference/10  <-- PAIRED FLAG
[259/392] L1 C_624__0: vuln=security_vulnerability_concern/2 fixed=equivalent_implementation_difference/10  <-- PAIRED FLAG
[260/392] L1 C_626__1: vuln=equivalent_implementation_difference/10 fixed=equivalent_implementation_difference/10
[261/392] L1 C_627__0: vuln=equivalent_implementation_difference/10 fixed=equivalent_implementation_difference/10
[262/392] L1 C_628__0: vuln=functional_mismatch/4 fixed=equivalent_implementation_difference/10
[263/392] L1 C_62__0: vuln=functional_mismatch/6 fixed=equivalent_implementation_difference/10
[264/392] L1 C_627__1: vuln=functional_mismatch/5 fixed=equivalent_implementation_difference/10
[265/392] L1 C_643__0: vuln=equivalent_implementation_difference/10 fixed=equivalent_implementation_difference/10
[266/392] L1 C_630__0: vuln=security_vulnerability_concern/2 fixed=equivalent_implementation_difference/10  <-- PAIRED FLAG
[267/392] L1 C_635__0: vuln=equivalent_implementation_difference/10 fixed=equivalent_implementation_difference/10
[268/392] L1 C_647__0: vuln=equivalent_implementation_difference/10 fixed=equivalent_implementation_difference/10
[269/392] L1 C_642__0: vuln=security_vulnerability_concern/3 fixed=equivalent_implementation_difference/10  <-- PAIRED FLAG
[270/392] L1 C_651__0: vuln=degenerate_generation/1 fixed=equivalent_implementation_difference/10
[271/392] L1 C_647__1: vuln=equivalent_implementation_difference/10 fixed=equivalent_implementation_difference/10
[272/392] L1 C_648__0: vuln=equivalent_implementation_difference/10 fixed=equivalent_implementation_difference/10
[273/392] L1 C_660__0: vuln=equivalent_implementation_difference/10 fixed=equivalent_implementation_difference/10
[274/392] L1 C_661__0: vuln=equivalent_implementation_difference/10 fixed=equivalent_implementation_difference/10
[275/392] L1 C_652__0: vuln=functional_mismatch/4 fixed=equivalent_implementation_difference/10
[276/392] L1 C_664__0: vuln=equivalent_implementation_difference/10 fixed=equivalent_implementation_difference/10
[277/392] L1 C_668__0: vuln=equivalent_implementation_difference/10 fixed=equivalent_implementation_difference/10
[278/392] L1 C_666__0: vuln=security_vulnerability_concern/2 fixed=equivalent_implementation_difference/10  <-- PAIRED FLAG
[279/392] L1 C_667__0: vuln=functional_mismatch/5 fixed=equivalent_implementation_difference/10
[280/392] L1 C_66__0: vuln=functional_mismatch/4 fixed=equivalent_implementation_difference/10
[281/392] L1 C_674__0: vuln=functional_mismatch/5 fixed=equivalent_implementation_difference/10
[282/392] L1 C_684__0: vuln=equivalent_implementation_difference/10 fixed=equivalent_implementation_difference/10
[283/392] L1 C_675__0: vuln=equivalent_implementation_difference/10 fixed=equivalent_implementation_difference/10
[284/392] L1 C_679__0: vuln=equivalent_implementation_difference/10 fixed=equivalent_implementation_difference/10
[285/392] L1 C_68__1: vuln=equivalent_implementation_difference/10 fixed=equivalent_implementation_difference/10
[286/392] L1 C_677__0: vuln=equivalent_implementation_difference/10 fixed=equivalent_implementation_difference/10
[287/392] L1 C_693__0: vuln=equivalent_implementation_difference/10 fixed=equivalent_implementation_difference/10
[288/392] L1 C_695__0: vuln=equivalent_implementation_difference/10 fixed=equivalent_implementation_difference/10
[289/392] L1 C_69__1: vuln=degenerate_generation/1 fixed=equivalent_implementation_difference/10
[290/392] L1 C_6__0: vuln=equivalent_implementation_difference/10 fixed=equivalent_implementation_difference/10
[291/392] L1 C_700__1: vuln=equivalent_implementation_difference/10 fixed=equivalent_implementation_difference/10
[292/392] L1 C_69__0: vuln=equivalent_implementation_difference/10 fixed=equivalent_implementation_difference/10
[293/392] L1 C_701__0: vuln=equivalent_implementation_difference/10 fixed=equivalent_implementation_difference/10
[294/392] L1 C_702__0: vuln=equivalent_implementation_difference/10 fixed=equivalent_implementation_difference/10
[295/392] L1 C_705__0: vuln=equivalent_implementation_difference/10 fixed=equivalent_implementation_difference/10
[296/392] L1 C_708__1: vuln=functional_mismatch/5 fixed=equivalent_implementation_difference/10
[297/392] L1 C_713__0: vuln=security_vulnerability_concern/2 fixed=equivalent_implementation_difference/10  <-- PAIRED FLAG
[298/392] L1 C_70__0: vuln=equivalent_implementation_difference/10 fixed=equivalent_implementation_difference/10
[299/392] L1 C_714__0: vuln=equivalent_implementation_difference/10 fixed=equivalent_implementation_difference/10
[300/392] L1 C_718__0: vuln=equivalent_implementation_difference/10 fixed=equivalent_implementation_difference/10
[301/392] L1 C_717__0: vuln=equivalent_implementation_difference/10 fixed=equivalent_implementation_difference/10
[302/392] L1 C_726__0: vuln=equivalent_implementation_difference/10 fixed=equivalent_implementation_difference/10
[303/392] L1 C_727__1: vuln=equivalent_implementation_difference/10 fixed=equivalent_implementation_difference/10
[304/392] L1 C_728__0: vuln=functional_mismatch/5 fixed=equivalent_implementation_difference/10
[305/392] L1 C_735__0: vuln=equivalent_implementation_difference/10 fixed=equivalent_implementation_difference/10
[306/392] L1 C_738__0: vuln=security_vulnerability_concern/2 fixed=equivalent_implementation_difference/10  <-- PAIRED FLAG
[307/392] L1 C_739__1: vuln=equivalent_implementation_difference/10 fixed=equivalent_implementation_difference/10
[308/392] L1 C_737__1: vuln=equivalent_implementation_difference/10 fixed=functional_mismatch/4
[309/392] L1 C_761__0: skipped
[310/392] L1 C_73__0: vuln=equivalent_implementation_difference/10 fixed=equivalent_implementation_difference/10
[311/392] L1 C_740__0: vuln=equivalent_implementation_difference/10 fixed=equivalent_implementation_difference/10
[312/392] L1 C_739__0: vuln=equivalent_implementation_difference/10 fixed=equivalent_implementation_difference/10
[313/392] L1 C_74__0: vuln=equivalent_implementation_difference/10 fixed=equivalent_implementation_difference/10
[314/392] L1 C_750__0: vuln=security_vulnerability_concern/2 fixed=equivalent_implementation_difference/10  <-- PAIRED FLAG
[315/392] L1 C_752__0: vuln=equivalent_implementation_difference/10 fixed=equivalent_implementation_difference/10
[316/392] L1 C_753__0: vuln=equivalent_implementation_difference/10 fixed=equivalent_implementation_difference/10
[317/392] L1 C_769__0: vuln=equivalent_implementation_difference/10 fixed=equivalent_implementation_difference/10
[318/392] L1 C_76__0: vuln=equivalent_implementation_difference/10 fixed=equivalent_implementation_difference/10
[319/392] L1 C_775__0: vuln=degenerate_generation/1 fixed=equivalent_implementation_difference/10
[320/392] L1 C_783__0: vuln=equivalent_implementation_difference/10 fixed=equivalent_implementation_difference/10
[321/392] L1 C_788__0: vuln=equivalent_implementation_difference/10 fixed=equivalent_implementation_difference/10
[322/392] L1 C_795__0: vuln=degenerate_generation/1 fixed=equivalent_implementation_difference/10
[323/392] L1 C_773__0: vuln=functional_mismatch/4 fixed=functional_mismatch/4
[324/392] L1 C_78__0: vuln=equivalent_implementation_difference/10 fixed=equivalent_implementation_difference/10
[325/392] L1 C_802__0: vuln=equivalent_implementation_difference/10 fixed=equivalent_implementation_difference/10
[326/392] L1 C_809__0: vuln=equivalent_implementation_difference/10 fixed=equivalent_implementation_difference/10
[327/392] L1 C_7__0: vuln=security_vulnerability_concern/2 fixed=functional_mismatch/4  <-- PAIRED FLAG
[328/392] L1 C_807__0: vuln=equivalent_implementation_difference/10 fixed=equivalent_implementation_difference/10
[329/392] L1 C_809__1: vuln=equivalent_implementation_difference/10 fixed=equivalent_implementation_difference/10
[330/392] L1 C_814__0: vuln=equivalent_implementation_difference/10 fixed=equivalent_implementation_difference/10
[331/392] L1 C_811__0: vuln=functional_mismatch/4 fixed=equivalent_implementation_difference/10
[332/392] L1 C_81__0: vuln=equivalent_implementation_difference/10 fixed=equivalent_implementation_difference/10
[333/392] L1 C_820__1: vuln=equivalent_implementation_difference/10 fixed=equivalent_implementation_difference/10
[334/392] L1 C_827__0: vuln=equivalent_implementation_difference/10 fixed=equivalent_implementation_difference/10
[335/392] L1 C_824__0: vuln=equivalent_implementation_difference/10 fixed=equivalent_implementation_difference/10
[336/392] L1 C_822__0: vuln=functional_mismatch/5 fixed=equivalent_implementation_difference/10
[337/392] L1 C_82__0: vuln=equivalent_implementation_difference/10 fixed=equivalent_implementation_difference/10
[338/392] L1 C_829__0: vuln=equivalent_implementation_difference/10 fixed=equivalent_implementation_difference/10
[339/392] L1 C_82__1: vuln=equivalent_implementation_difference/10 fixed=equivalent_implementation_difference/10
[340/392] L1 C_830__0: vuln=equivalent_implementation_difference/10 fixed=equivalent_implementation_difference/10
[341/392] L1 C_833__0: vuln=degenerate_generation/1 fixed=equivalent_implementation_difference/10
[342/392] L1 C_831__0: vuln=equivalent_implementation_difference/10 fixed=equivalent_implementation_difference/10
[343/392] L1 C_834__0: vuln=degenerate_generation/1 fixed=equivalent_implementation_difference/10
[344/392] L1 C_836__0: vuln=equivalent_implementation_difference/10 fixed=equivalent_implementation_difference/10
[345/392] L1 C_835__0: vuln=equivalent_implementation_difference/10 fixed=equivalent_implementation_difference/10
[346/392] L1 C_847__0: vuln=degenerate_generation/1 fixed=equivalent_implementation_difference/10
[347/392] L1 C_844__0: vuln=equivalent_implementation_difference/10 fixed=equivalent_implementation_difference/10
[348/392] L1 C_859__1: vuln=functional_mismatch/5 fixed=equivalent_implementation_difference/10
[349/392] L1 C_857__0: vuln=equivalent_implementation_difference/10 fixed=equivalent_implementation_difference/10
[350/392] L1 C_846__3: vuln=security_vulnerability_concern/2 fixed=equivalent_implementation_difference/10  <-- PAIRED FLAG
[351/392] L1 C_866__0: vuln=equivalent_implementation_difference/10 fixed=equivalent_implementation_difference/10
[352/392] L1 C_867__0: vuln=functional_mismatch/5 fixed=equivalent_implementation_difference/10
[353/392] L1 C_869__0: vuln=equivalent_implementation_difference/10 fixed=equivalent_implementation_difference/10
[354/392] L1 C_878__0: vuln=equivalent_implementation_difference/10 fixed=equivalent_implementation_difference/10
[355/392] L1 C_884__2: vuln=security_vulnerability_concern/2 fixed=equivalent_implementation_difference/10  <-- PAIRED FLAG
[356/392] L1 C_880__0: vuln=functional_mismatch/7 fixed=equivalent_implementation_difference/10
[357/392] L1 C_872__0: vuln=equivalent_implementation_difference/10 fixed=equivalent_implementation_difference/10
[358/392] L1 C_886__1: vuln=functional_mismatch/5 fixed=equivalent_implementation_difference/10
[359/392] L1 C_888__0: vuln=quality_bug/7 fixed=equivalent_implementation_difference/10
[360/392] L1 C_889__0: vuln=equivalent_implementation_difference/10 fixed=equivalent_implementation_difference/10
[361/392] L1 C_893__0: vuln=degenerate_generation/1 fixed=equivalent_implementation_difference/10
[362/392] L1 C_88__0: vuln=equivalent_implementation_difference/10 fixed=equivalent_implementation_difference/10
[363/392] L1 C_893__1: vuln=functional_mismatch/4 fixed=equivalent_implementation_difference/10
[364/392] L1 C_8__0: vuln=equivalent_implementation_difference/10 fixed=equivalent_implementation_difference/10
[365/392] L1 C_898__0: vuln=equivalent_implementation_difference/10 fixed=equivalent_implementation_difference/10
[366/392] L1 C_897__0: vuln=equivalent_implementation_difference/9 fixed=equivalent_implementation_difference/10
[367/392] L1 C_92__0: vuln=functional_mismatch/3 fixed=security_vulnerability_concern/2
[368/392] L1 C_94__0: vuln=equivalent_implementation_difference/10 fixed=equivalent_implementation_difference/10
[369/392] L1 C_94__1: vuln=equivalent_implementation_difference/10 fixed=equivalent_implementation_difference/10
[370/392] L1 C_96__0: vuln=equivalent_implementation_difference/10 fixed=equivalent_implementation_difference/10
[371/392] L1 C_96__1: vuln=equivalent_implementation_difference/10 fixed=equivalent_implementation_difference/10
[372/392] L1 C_95__0: vuln=functional_mismatch/5 fixed=equivalent_implementation_difference/10
[373/392] L1 C_99__0: vuln=equivalent_implementation_difference/10 fixed=equivalent_implementation_difference/10
[374/392] L1 C_95__1: vuln=functional_mismatch/5 fixed=equivalent_implementation_difference/10
[375/392] L1 Cpp_13__0: vuln=equivalent_implementation_difference/10 fixed=equivalent_implementation_difference/10
[376/392] L1 Cpp_270__0: vuln=security_vulnerability_concern/2 fixed=equivalent_implementation_difference/10  <-- PAIRED FLAG
[377/392] L1 Cpp_16__0: vuln=functional_mismatch/4 fixed=equivalent_implementation_difference/10
[378/392] L1 Cpp_270__1: vuln=functional_mismatch/4 fixed=equivalent_implementation_difference/10
[379/392] L1 Cpp_376__0: vuln=equivalent_implementation_difference/10 fixed=equivalent_implementation_difference/10
[380/392] L1 Cpp_445__0: vuln=degenerate_generation/1 fixed=equivalent_implementation_difference/10
[381/392] L1 Cpp_377__0: vuln=security_vulnerability_concern/2 fixed=equivalent_implementation_difference/10  <-- PAIRED FLAG
[382/392] L1 Cpp_492__0: vuln=equivalent_implementation_difference/10 fixed=equivalent_implementation_difference/10
[383/392] L1 Cpp_691__0: vuln=equivalent_implementation_difference/10 fixed=equivalent_implementation_difference/10
[384/392] L1 Cpp_478__0: vuln=security_vulnerability_concern/2 fixed=equivalent_implementation_difference/10  <-- PAIRED FLAG
[385/392] L1 Cpp_478__1: vuln=equivalent_implementation_difference/10 fixed=equivalent_implementation_difference/10
[386/392] L1 Cpp_711__0: vuln=functional_mismatch/4 fixed=equivalent_implementation_difference/10
[387/392] L1 Cpp_697__0: vuln=functional_mismatch/5 fixed=equivalent_implementation_difference/10
[388/392] L1 Cpp_711__1: vuln=functional_mismatch/3 fixed=equivalent_implementation_difference/10
[389/392] L1 Cpp_755__0: vuln=degenerate_generation/1 fixed=equivalent_implementation_difference/10
[390/392] L1 Cpp_711__2: vuln=equivalent_implementation_difference/10 fixed=equivalent_implementation_difference/10
[391/392] L1 Cpp_711__3: vuln=equivalent_implementation_difference/10 fixed=equivalent_implementation_difference/10
[392/392] L1 Cpp_804__0: vuln=equivalent_implementation_difference/10 fixed=equivalent_implementation_difference/10
L1 done in 8.9 min - ok=390 skipped=2 failed=0  paired-flag 53/390 (13.6%)

=== L2: 392 cases ===
[1/392] L2 C_102__1: vuln=degenerate_generation/1 fixed=degenerate_generation/1
[2/392] L2 C_103__0: vuln=degenerate_generation/1 fixed=degenerate_generation/1
[3/392] L2 C_102__0: vuln=degenerate_generation/1 fixed=degenerate_generation/1
[4/392] L2 C_1061__0: vuln=degenerate_generation/1 fixed=degenerate_generation/1
[5/392] L2 C_1053__1: vuln=degenerate_generation/1 fixed=degenerate_generation/1
[6/392] L2 C_104__1: vuln=degenerate_generation/1 fixed=degenerate_generation/1
[7/392] L2 C_1049__0: vuln=degenerate_generation/1 fixed=degenerate_generation/1
[8/392] L2 C_106__0: vuln=degenerate_generation/1 fixed=degenerate_generation/1
[9/392] L2 C_1086__0: vuln=degenerate_generation/1 fixed=degenerate_generation/1
[10/392] L2 C_1086__2: vuln=degenerate_generation/1 fixed=degenerate_generation/1
[11/392] L2 C_1103__0: vuln=degenerate_generation/1 fixed=degenerate_generation/1
[12/392] L2 C_1086__3: vuln=degenerate_generation/1 fixed=degenerate_generation/1
[13/392] L2 C_1088__0: vuln=degenerate_generation/1 fixed=degenerate_generation/1
[14/392] L2 C_1079__0: vuln=degenerate_generation/1 fixed=degenerate_generation/1
[15/392] L2 C_108__0: vuln=degenerate_generation/1 fixed=degenerate_generation/1
[16/392] L2 C_1114__0: vuln=degenerate_generation/1 fixed=degenerate_generation/1
[17/392] L2 C_1127__0: vuln=degenerate_generation/1 fixed=degenerate_generation/1
[18/392] L2 C_1126__0: vuln=degenerate_generation/1 fixed=degenerate_generation/1
[19/392] L2 C_1115__0: vuln=degenerate_generation/1 fixed=degenerate_generation/1
[20/392] L2 C_1138__0: vuln=degenerate_generation/1 fixed=degenerate_generation/1
[21/392] L2 C_112__0: vuln=degenerate_generation/1 fixed=degenerate_generation/1
[22/392] L2 C_1146__0: vuln=degenerate_generation/1 fixed=degenerate_generation/1
[23/392] L2 C_1151__0: vuln=degenerate_generation/1 fixed=degenerate_generation/1
[24/392] L2 C_114__0: vuln=degenerate_generation/1 fixed=degenerate_generation/1
[25/392] L2 C_1158__0: vuln=degenerate_generation/1 fixed=degenerate_generation/1
[26/392] L2 C_1162__0: vuln=degenerate_generation/1 fixed=degenerate_generation/1
[27/392] L2 C_1165__0: vuln=degenerate_generation/1 fixed=degenerate_generation/1
[28/392] L2 C_1160__0: vuln=degenerate_generation/1 fixed=degenerate_generation/1
[29/392] L2 C_116__0: vuln=degenerate_generation/1 fixed=degenerate_generation/1
[30/392] L2 C_1164__1: vuln=degenerate_generation/1 fixed=degenerate_generation/1
[31/392] L2 C_1172__0: vuln=degenerate_generation/1 fixed=degenerate_generation/1
[32/392] L2 C_1170__0: vuln=degenerate_generation/1 fixed=degenerate_generation/1
[33/392] L2 C_1191__0: vuln=degenerate_generation/1 fixed=degenerate_generation/1
[34/392] L2 C_1198__0: vuln=degenerate_generation/1 fixed=degenerate_generation/1
[35/392] L2 C_1182__0: vuln=degenerate_generation/1 fixed=degenerate_generation/1
[36/392] L2 C_118__0: vuln=degenerate_generation/1 fixed=degenerate_generation/1
[37/392] L2 C_120__0: vuln=degenerate_generation/1 fixed=degenerate_generation/1
[38/392] L2 C_1236__0: vuln=degenerate_generation/1 fixed=degenerate_generation/1
[39/392] L2 C_1231__0: vuln=degenerate_generation/1 fixed=degenerate_generation/1
[40/392] L2 C_1224__0: vuln=degenerate_generation/1 fixed=degenerate_generation/1
[41/392] L2 C_124__0: vuln=degenerate_generation/1 fixed=degenerate_generation/1
[42/392] L2 C_1258__0: vuln=degenerate_generation/1 fixed=degenerate_generation/1
[43/392] L2 C_123__1: vuln=degenerate_generation/1 fixed=degenerate_generation/1
[44/392] L2 C_123__0: vuln=degenerate_generation/1 fixed=degenerate_generation/1
[45/392] L2 C_1273__0: vuln=degenerate_generation/1 fixed=degenerate_generation/1
[46/392] L2 C_1313__0: skipped
[47/392] L2 C_1258__1: vuln=degenerate_generation/1 fixed=degenerate_generation/1
[48/392] L2 C_1259__0: vuln=degenerate_generation/1 fixed=degenerate_generation/1
[49/392] L2 C_1259__1: vuln=degenerate_generation/1 fixed=degenerate_generation/1
[50/392] L2 C_1277__1: vuln=degenerate_generation/1 fixed=degenerate_generation/1
[51/392] L2 C_1313__1: vuln=degenerate_generation/1 fixed=degenerate_generation/1
[52/392] L2 C_1292__1: vuln=degenerate_generation/1 fixed=degenerate_generation/1
[53/392] L2 C_1292__0: vuln=degenerate_generation/1 fixed=degenerate_generation/1
[54/392] L2 C_1303__0: vuln=degenerate_generation/1 fixed=degenerate_generation/1
[55/392] L2 C_1323__0: vuln=degenerate_generation/1 fixed=degenerate_generation/1
[56/392] L2 C_1331__0: vuln=degenerate_generation/1 fixed=degenerate_generation/1
[57/392] L2 C_1334__0: vuln=degenerate_generation/1 fixed=degenerate_generation/1
[58/392] L2 C_1340__0: vuln=degenerate_generation/1 fixed=degenerate_generation/1
[59/392] L2 C_137__1: vuln=degenerate_generation/1 fixed=degenerate_generation/1
[60/392] L2 C_137__0: vuln=degenerate_generation/1 fixed=degenerate_generation/1
[61/392] L2 C_141__0: vuln=degenerate_generation/1 fixed=degenerate_generation/1
[62/392] L2 C_137__3: vuln=degenerate_generation/1 fixed=degenerate_generation/1
[63/392] L2 C_141__1: vuln=degenerate_generation/1 fixed=degenerate_generation/1
[64/392] L2 C_140__0: vuln=degenerate_generation/1 fixed=degenerate_generation/1
[65/392] L2 C_137__2: vuln=degenerate_generation/1 fixed=degenerate_generation/1
[66/392] L2 C_141__3: vuln=degenerate_generation/1 fixed=degenerate_generation/1
[67/392] L2 C_141__6: vuln=degenerate_generation/1 fixed=degenerate_generation/1
[68/392] L2 C_141__7: vuln=degenerate_generation/1 fixed=degenerate_generation/1
[69/392] L2 C_143__0: vuln=degenerate_generation/1 fixed=degenerate_generation/1
[70/392] L2 C_141__5: vuln=degenerate_generation/1 fixed=functional_mismatch/4
[71/392] L2 C_147__0: vuln=degenerate_generation/1 fixed=degenerate_generation/1
[72/392] L2 C_149__0: vuln=degenerate_generation/1 fixed=degenerate_generation/1
[73/392] L2 C_149__1: vuln=degenerate_generation/1 fixed=degenerate_generation/1
[74/392] L2 C_150__0: vuln=degenerate_generation/1 fixed=degenerate_generation/1
[75/392] L2 C_156__0: vuln=degenerate_generation/1 fixed=degenerate_generation/1
[76/392] L2 C_157__0: vuln=degenerate_generation/1 fixed=degenerate_generation/1
[77/392] L2 C_15__0: vuln=degenerate_generation/1 fixed=degenerate_generation/1
[78/392] L2 C_165__1: vuln=degenerate_generation/1 fixed=degenerate_generation/1
[79/392] L2 C_166__0: vuln=degenerate_generation/1 fixed=degenerate_generation/1
[80/392] L2 C_160__1: vuln=degenerate_generation/1 fixed=degenerate_generation/1
[81/392] L2 C_167__0: vuln=degenerate_generation/1 fixed=degenerate_generation/1
[82/392] L2 C_167__1: vuln=degenerate_generation/1 fixed=degenerate_generation/1
[83/392] L2 C_168__0: vuln=degenerate_generation/1 fixed=degenerate_generation/1
[84/392] L2 C_168__1: vuln=degenerate_generation/1 fixed=degenerate_generation/1
[85/392] L2 C_169__0: vuln=degenerate_generation/1 fixed=degenerate_generation/1
[86/392] L2 C_176__0: vuln=degenerate_generation/1 fixed=degenerate_generation/1
[87/392] L2 C_169__1: vuln=degenerate_generation/1 fixed=degenerate_generation/1
[88/392] L2 C_171__0: vuln=degenerate_generation/1 fixed=degenerate_generation/1
[89/392] L2 C_181__0: vuln=degenerate_generation/1 fixed=degenerate_generation/1
[90/392] L2 C_183__0: vuln=degenerate_generation/1 fixed=degenerate_generation/1
[91/392] L2 C_184__1: vuln=degenerate_generation/1 fixed=degenerate_generation/1
[92/392] L2 C_18__0: vuln=degenerate_generation/1 fixed=degenerate_generation/1
[93/392] L2 C_197__0: vuln=degenerate_generation/1 fixed=degenerate_generation/1
[94/392] L2 C_191__0: vuln=degenerate_generation/1 fixed=degenerate_generation/1
[95/392] L2 C_193__0: vuln=degenerate_generation/1 fixed=degenerate_generation/1
[96/392] L2 C_199__0: vuln=degenerate_generation/1 fixed=degenerate_generation/1
[97/392] L2 C_198__0: vuln=degenerate_generation/1 fixed=degenerate_generation/1
[98/392] L2 C_199__2: vuln=degenerate_generation/1 fixed=degenerate_generation/1
[99/392] L2 C_19__0: vuln=degenerate_generation/1 fixed=degenerate_generation/1
[100/392] L2 C_200__0: vuln=degenerate_generation/1 fixed=degenerate_generation/1
[101/392] L2 C_205__0: vuln=degenerate_generation/1 fixed=degenerate_generation/1
[102/392] L2 C_202__0: vuln=degenerate_generation/1 fixed=degenerate_generation/1
[103/392] L2 C_208__0: vuln=degenerate_generation/1 fixed=degenerate_generation/1
[104/392] L2 C_217__1: vuln=degenerate_generation/1 fixed=degenerate_generation/1
[105/392] L2 C_220__0: vuln=degenerate_generation/1 fixed=degenerate_generation/1
[106/392] L2 C_228__0: vuln=degenerate_generation/1 fixed=degenerate_generation/1
[107/392] L2 C_229__0: vuln=degenerate_generation/1 fixed=degenerate_generation/1
[108/392] L2 C_238__0: vuln=degenerate_generation/1 fixed=degenerate_generation/1
[109/392] L2 C_237__0: vuln=degenerate_generation/1 fixed=degenerate_generation/1
[110/392] L2 C_236__0: vuln=degenerate_generation/1 fixed=degenerate_generation/1
[111/392] L2 C_23__0: vuln=degenerate_generation/1 fixed=degenerate_generation/1
[112/392] L2 C_246__0: vuln=degenerate_generation/1 fixed=degenerate_generation/1
[113/392] L2 C_246__1: vuln=degenerate_generation/1 fixed=degenerate_generation/1
[114/392] L2 C_249__0: vuln=degenerate_generation/1 fixed=degenerate_generation/1
[115/392] L2 C_249__1: vuln=degenerate_generation/1 fixed=degenerate_generation/1
[116/392] L2 C_250__1: vuln=degenerate_generation/1 fixed=degenerate_generation/1
[117/392] L2 C_254__0: vuln=degenerate_generation/1 fixed=degenerate_generation/1
[118/392] L2 C_250__0: vuln=security_vulnerability_concern/2 fixed=equivalent_implementation_difference/10  <-- PAIRED FLAG
[119/392] L2 C_256__1: vuln=degenerate_generation/1 fixed=degenerate_generation/1
[120/392] L2 C_25__1: vuln=degenerate_generation/1 fixed=degenerate_generation/1
[121/392] L2 C_261__0: vuln=degenerate_generation/1 fixed=degenerate_generation/1
[122/392] L2 C_264__0: vuln=degenerate_generation/1 fixed=degenerate_generation/1
[123/392] L2 C_265__0: vuln=degenerate_generation/1 fixed=degenerate_generation/1
[124/392] L2 C_26__0: vuln=degenerate_generation/1 fixed=degenerate_generation/1
[125/392] L2 C_276__0: vuln=degenerate_generation/1 fixed=degenerate_generation/1
[126/392] L2 C_27__0: vuln=degenerate_generation/1 fixed=degenerate_generation/1
[127/392] L2 C_277__0: vuln=degenerate_generation/1 fixed=degenerate_generation/1
[128/392] L2 C_289__0: vuln=degenerate_generation/1 fixed=degenerate_generation/1
[129/392] L2 C_287__0: vuln=degenerate_generation/1 fixed=degenerate_generation/1
[130/392] L2 C_28__0: vuln=degenerate_generation/1 fixed=degenerate_generation/1
[131/392] L2 C_292__0: vuln=degenerate_generation/1 fixed=degenerate_generation/1
[132/392] L2 C_292__1: vuln=degenerate_generation/1 fixed=degenerate_generation/1
[133/392] L2 C_300__1: vuln=degenerate_generation/1 fixed=degenerate_generation/1
[134/392] L2 C_293__0: vuln=degenerate_generation/1 fixed=degenerate_generation/1
[135/392] L2 C_296__0: vuln=degenerate_generation/1 fixed=degenerate_generation/1
[136/392] L2 C_304__0: vuln=degenerate_generation/1 fixed=degenerate_generation/1
[137/392] L2 C_303__0: vuln=degenerate_generation/1 fixed=degenerate_generation/1
[138/392] L2 C_306__0: vuln=degenerate_generation/1 fixed=degenerate_generation/1
[139/392] L2 C_307__0: vuln=degenerate_generation/1 fixed=degenerate_generation/1
[140/392] L2 C_308__0: vuln=degenerate_generation/1 fixed=degenerate_generation/1
[141/392] L2 C_30__0: vuln=degenerate_generation/1 fixed=degenerate_generation/1
[142/392] L2 C_312__0: vuln=degenerate_generation/1 fixed=degenerate_generation/1
[143/392] L2 C_314__0: vuln=degenerate_generation/1 fixed=degenerate_generation/1
[144/392] L2 C_315__0: vuln=degenerate_generation/1 fixed=degenerate_generation/1
[145/392] L2 C_316__1: vuln=degenerate_generation/1 fixed=degenerate_generation/1
[146/392] L2 C_31__0: vuln=degenerate_generation/1 fixed=degenerate_generation/1
[147/392] L2 C_327__0: vuln=degenerate_generation/1 fixed=degenerate_generation/1
[148/392] L2 C_335__0: vuln=degenerate_generation/1 fixed=degenerate_generation/1
[149/392] L2 C_339__1: vuln=degenerate_generation/1 fixed=degenerate_generation/1
[150/392] L2 C_337__0: vuln=degenerate_generation/1 fixed=degenerate_generation/1
[151/392] L2 C_339__0: vuln=degenerate_generation/1 fixed=degenerate_generation/1
[152/392] L2 C_33__0: vuln=degenerate_generation/1 fixed=degenerate_generation/1
[153/392] L2 C_340__1: vuln=degenerate_generation/1 fixed=degenerate_generation/1
[154/392] L2 C_340__2: vuln=degenerate_generation/1 fixed=degenerate_generation/1
[155/392] L2 C_349__0: vuln=degenerate_generation/1 fixed=degenerate_generation/1
[156/392] L2 C_355__0: vuln=degenerate_generation/1 fixed=degenerate_generation/1
[157/392] L2 C_356__0: vuln=degenerate_generation/1 fixed=degenerate_generation/1
[158/392] L2 C_358__0: vuln=degenerate_generation/1 fixed=degenerate_generation/1
[159/392] L2 C_360__0: vuln=degenerate_generation/1 fixed=degenerate_generation/1
[160/392] L2 C_365__0: vuln=degenerate_generation/1 fixed=degenerate_generation/1
[161/392] L2 C_366__1: vuln=degenerate_generation/1 fixed=degenerate_generation/1
[162/392] L2 C_368__0: vuln=degenerate_generation/1 fixed=degenerate_generation/1
[163/392] L2 C_369__0: vuln=degenerate_generation/1 fixed=degenerate_generation/1
[164/392] L2 C_371__0: vuln=degenerate_generation/1 fixed=degenerate_generation/1
[165/392] L2 C_384__0: vuln=degenerate_generation/1 fixed=degenerate_generation/1
[166/392] L2 C_384__1: vuln=degenerate_generation/1 fixed=degenerate_generation/1
[167/392] L2 C_385__0: vuln=degenerate_generation/1 fixed=degenerate_generation/1
[168/392] L2 C_389__0: vuln=degenerate_generation/1 fixed=degenerate_generation/1
[169/392] L2 C_390__2: vuln=degenerate_generation/1 fixed=degenerate_generation/1
[170/392] L2 C_390__1: vuln=degenerate_generation/1 fixed=degenerate_generation/1
[171/392] L2 C_395__0: vuln=degenerate_generation/1 fixed=degenerate_generation/1
[172/392] L2 C_39__0: vuln=degenerate_generation/1 fixed=degenerate_generation/1
[173/392] L2 C_3__0: vuln=degenerate_generation/1 fixed=degenerate_generation/1
[174/392] L2 C_408__0: vuln=degenerate_generation/1 fixed=degenerate_generation/1
[175/392] L2 C_411__0: vuln=degenerate_generation/1 fixed=degenerate_generation/1
[176/392] L2 C_414__0: vuln=degenerate_generation/1 fixed=degenerate_generation/1
[177/392] L2 C_417__0: vuln=degenerate_generation/1 fixed=degenerate_generation/1
[178/392] L2 C_41__0: vuln=degenerate_generation/1 fixed=degenerate_generation/1
[179/392] L2 C_424__0: vuln=degenerate_generation/1 fixed=degenerate_generation/1
[180/392] L2 C_424__1: vuln=degenerate_generation/1 fixed=degenerate_generation/1
[181/392] L2 C_424__2: vuln=degenerate_generation/1 fixed=degenerate_generation/1
[182/392] L2 C_424__3: vuln=degenerate_generation/1 fixed=degenerate_generation/1
[183/392] L2 C_424__4: vuln=degenerate_generation/1 fixed=degenerate_generation/1
[184/392] L2 C_425__0: vuln=degenerate_generation/1 fixed=degenerate_generation/1
[185/392] L2 C_433__0: vuln=degenerate_generation/1 fixed=degenerate_generation/1
[186/392] L2 C_432__0: vuln=degenerate_generation/1 fixed=degenerate_generation/1
[187/392] L2 C_43__0: vuln=degenerate_generation/1 fixed=degenerate_generation/1
[188/392] L2 C_440__0: vuln=degenerate_generation/1 fixed=degenerate_generation/1
[189/392] L2 C_439__1: vuln=degenerate_generation/1 fixed=degenerate_generation/1
[190/392] L2 C_450__0: vuln=degenerate_generation/1 fixed=degenerate_generation/1
[191/392] L2 C_461__0: vuln=degenerate_generation/1 fixed=degenerate_generation/1
[192/392] L2 C_463__0: vuln=degenerate_generation/1 fixed=degenerate_generation/1
[193/392] L2 C_464__0: vuln=degenerate_generation/1 fixed=degenerate_generation/1
[194/392] L2 C_463__1: vuln=degenerate_generation/1 fixed=degenerate_generation/1
[195/392] L2 C_467__0: vuln=degenerate_generation/1 fixed=degenerate_generation/1
[196/392] L2 C_466__2: vuln=degenerate_generation/1 fixed=degenerate_generation/1
[197/392] L2 C_467__1: vuln=degenerate_generation/1 fixed=degenerate_generation/1
[198/392] L2 C_467__2: vuln=degenerate_generation/1 fixed=degenerate_generation/1
[199/392] L2 C_468__0: vuln=degenerate_generation/1 fixed=degenerate_generation/1
[200/392] L2 C_467__3: vuln=degenerate_generation/1 fixed=degenerate_generation/1
[201/392] L2 C_468__1: vuln=degenerate_generation/1 fixed=degenerate_generation/1
[202/392] L2 C_46__0: vuln=degenerate_generation/1 fixed=degenerate_generation/1
[203/392] L2 C_47__1: vuln=degenerate_generation/1 fixed=degenerate_generation/1
[204/392] L2 C_473__0: vuln=degenerate_generation/1 fixed=degenerate_generation/1
[205/392] L2 C_474__1: vuln=degenerate_generation/1 fixed=degenerate_generation/1
[206/392] L2 C_481__0: vuln=degenerate_generation/1 fixed=degenerate_generation/1
[207/392] L2 C_483__0: vuln=degenerate_generation/1 fixed=degenerate_generation/1
[208/392] L2 C_48__0: vuln=degenerate_generation/1 fixed=degenerate_generation/1
[209/392] L2 C_484__0: vuln=degenerate_generation/1 fixed=degenerate_generation/1
[210/392] L2 C_491__0: vuln=degenerate_generation/1 fixed=degenerate_generation/1
[211/392] L2 C_494__0: vuln=degenerate_generation/1 fixed=degenerate_generation/1
[212/392] L2 C_493__0: vuln=degenerate_generation/1 fixed=degenerate_generation/1
[213/392] L2 C_495__0: vuln=degenerate_generation/1 fixed=degenerate_generation/1
[214/392] L2 C_497__0: vuln=degenerate_generation/1 fixed=degenerate_generation/1
[215/392] L2 C_4__0: vuln=degenerate_generation/1 fixed=degenerate_generation/1
[216/392] L2 C_500__0: vuln=degenerate_generation/1 fixed=degenerate_generation/1
[217/392] L2 C_4__1: vuln=degenerate_generation/1 fixed=degenerate_generation/1
[218/392] L2 C_50__0: vuln=degenerate_generation/1 fixed=degenerate_generation/1
[219/392] L2 C_51__0: vuln=degenerate_generation/1 fixed=degenerate_generation/1
[220/392] L2 C_522__0: vuln=degenerate_generation/1 fixed=degenerate_generation/1
[221/392] L2 C_524__0: vuln=degenerate_generation/1 fixed=degenerate_generation/1
[222/392] L2 C_535__0: vuln=degenerate_generation/1 fixed=degenerate_generation/1
[223/392] L2 C_526__0: vuln=degenerate_generation/1 fixed=degenerate_generation/1
[224/392] L2 C_543__0: vuln=degenerate_generation/1 fixed=degenerate_generation/1
[225/392] L2 C_565__0: vuln=degenerate_generation/1 fixed=degenerate_generation/1
[226/392] L2 C_55__0: vuln=degenerate_generation/1 fixed=degenerate_generation/1
[227/392] L2 C_564__1: vuln=degenerate_generation/1 fixed=degenerate_generation/1
[228/392] L2 C_565__1: vuln=degenerate_generation/1 fixed=degenerate_generation/1
[229/392] L2 C_566__0: vuln=degenerate_generation/1 fixed=degenerate_generation/1
[230/392] L2 C_569__0: vuln=degenerate_generation/1 fixed=degenerate_generation/1
[231/392] L2 C_574__1: vuln=degenerate_generation/1 fixed=degenerate_generation/1
[232/392] L2 C_568__0: vuln=degenerate_generation/1 fixed=degenerate_generation/1
[233/392] L2 C_583__0: vuln=degenerate_generation/1 fixed=degenerate_generation/1
[234/392] L2 C_580__0: vuln=degenerate_generation/1 fixed=degenerate_generation/1
[235/392] L2 C_57__0: vuln=degenerate_generation/1 fixed=degenerate_generation/1
[236/392] L2 C_582__0: vuln=degenerate_generation/1 fixed=degenerate_generation/1
[237/392] L2 C_583__1: vuln=degenerate_generation/1 fixed=degenerate_generation/1
[238/392] L2 C_588__0: vuln=degenerate_generation/1 fixed=degenerate_generation/1
[239/392] L2 C_588__4: vuln=degenerate_generation/1 fixed=degenerate_generation/1
[240/392] L2 C_588__3: vuln=degenerate_generation/1 fixed=degenerate_generation/1
[241/392] L2 C_588__7: vuln=degenerate_generation/1 fixed=degenerate_generation/1
[242/392] L2 C_590__0: vuln=degenerate_generation/1 fixed=degenerate_generation/1
[243/392] L2 C_589__0: vuln=degenerate_generation/1 fixed=degenerate_generation/1
[244/392] L2 C_591__0: vuln=degenerate_generation/1 fixed=degenerate_generation/1
[245/392] L2 C_595__0: vuln=degenerate_generation/1 fixed=degenerate_generation/1
[246/392] L2 C_596__1: vuln=degenerate_generation/1 fixed=degenerate_generation/1
[247/392] L2 C_597__0: vuln=degenerate_generation/1 fixed=degenerate_generation/1
[248/392] L2 C_5__0: vuln=degenerate_generation/1 fixed=degenerate_generation/1
[249/392] L2 C_600__0: vuln=degenerate_generation/1 fixed=degenerate_generation/1
[250/392] L2 C_601__0: vuln=degenerate_generation/1 fixed=degenerate_generation/1
[251/392] L2 C_605__0: vuln=degenerate_generation/1 fixed=degenerate_generation/1
[252/392] L2 C_609__0: vuln=degenerate_generation/1 fixed=degenerate_generation/1
[253/392] L2 C_60__0: vuln=degenerate_generation/1 fixed=degenerate_generation/1
[254/392] L2 C_616__0: vuln=degenerate_generation/1 fixed=degenerate_generation/1
[255/392] L2 C_617__0: vuln=degenerate_generation/1 fixed=degenerate_generation/1
[256/392] L2 C_624__0: vuln=degenerate_generation/1 fixed=degenerate_generation/1
[257/392] L2 C_618__0: vuln=degenerate_generation/1 fixed=degenerate_generation/1
[258/392] L2 C_623__0: vuln=degenerate_generation/1 fixed=degenerate_generation/1
[259/392] L2 C_626__1: vuln=degenerate_generation/1 fixed=degenerate_generation/1
[260/392] L2 C_626__0: vuln=degenerate_generation/1 fixed=degenerate_generation/1
[261/392] L2 C_627__0: vuln=degenerate_generation/1 fixed=degenerate_generation/1
[262/392] L2 C_627__1: vuln=degenerate_generation/1 fixed=degenerate_generation/1
[263/392] L2 C_628__0: vuln=degenerate_generation/1 fixed=degenerate_generation/1
[264/392] L2 C_630__0: vuln=degenerate_generation/1 fixed=degenerate_generation/1
[265/392] L2 C_642__0: vuln=degenerate_generation/1 fixed=degenerate_generation/1
[266/392] L2 C_62__0: vuln=degenerate_generation/1 fixed=degenerate_generation/1
[267/392] L2 C_643__0: vuln=degenerate_generation/1 fixed=degenerate_generation/1
[268/392] L2 C_635__0: vuln=degenerate_generation/1 fixed=degenerate_generation/1
[269/392] L2 C_647__0: vuln=degenerate_generation/1 fixed=degenerate_generation/1
[270/392] L2 C_647__1: vuln=degenerate_generation/1 fixed=degenerate_generation/1
[271/392] L2 C_651__0: vuln=degenerate_generation/1 fixed=degenerate_generation/1
[272/392] L2 C_648__0: vuln=degenerate_generation/1 fixed=degenerate_generation/1
[273/392] L2 C_660__0: vuln=degenerate_generation/1 fixed=degenerate_generation/1
[274/392] L2 C_674__0: skipped
[275/392] L2 C_652__0: vuln=degenerate_generation/1 fixed=degenerate_generation/1
[276/392] L2 C_664__0: vuln=degenerate_generation/1 fixed=degenerate_generation/1
[277/392] L2 C_661__0: vuln=degenerate_generation/1 fixed=degenerate_generation/1
[278/392] L2 C_666__0: vuln=degenerate_generation/1 fixed=degenerate_generation/1
[279/392] L2 C_667__0: vuln=degenerate_generation/1 fixed=degenerate_generation/1
[280/392] L2 C_668__0: vuln=degenerate_generation/1 fixed=degenerate_generation/1
[281/392] L2 C_675__0: vuln=degenerate_generation/1 fixed=degenerate_generation/1
[282/392] L2 C_677__0: vuln=degenerate_generation/1 fixed=degenerate_generation/1
[283/392] L2 C_684__0: vuln=degenerate_generation/1 fixed=degenerate_generation/1
[284/392] L2 C_679__0: vuln=degenerate_generation/1 fixed=degenerate_generation/1
[285/392] L2 C_66__0: vuln=degenerate_generation/1 fixed=degenerate_generation/1
[286/392] L2 C_68__1: vuln=degenerate_generation/1 fixed=degenerate_generation/1
[287/392] L2 C_693__0: vuln=degenerate_generation/1 fixed=degenerate_generation/1
[288/392] L2 C_695__0: vuln=degenerate_generation/1 fixed=degenerate_generation/1
[289/392] L2 C_6__0: vuln=degenerate_generation/1 fixed=degenerate_generation/1
[290/392] L2 C_701__0: vuln=degenerate_generation/1 fixed=degenerate_generation/1
[291/392] L2 C_69__0: vuln=degenerate_generation/1 fixed=degenerate_generation/1
[292/392] L2 C_69__1: vuln=degenerate_generation/1 fixed=degenerate_generation/1
[293/392] L2 C_700__1: vuln=degenerate_generation/1 fixed=degenerate_generation/1
[294/392] L2 C_702__0: vuln=degenerate_generation/1 fixed=degenerate_generation/1
[295/392] L2 C_705__0: vuln=degenerate_generation/1 fixed=degenerate_generation/1
[296/392] L2 C_717__0: vuln=degenerate_generation/1 fixed=degenerate_generation/1
[297/392] L2 C_708__1: vuln=degenerate_generation/1 fixed=degenerate_generation/1
[298/392] L2 C_70__0: vuln=degenerate_generation/1 fixed=degenerate_generation/1
[299/392] L2 C_713__0: vuln=degenerate_generation/1 fixed=degenerate_generation/1
[300/392] L2 C_718__0: vuln=degenerate_generation/1 fixed=degenerate_generation/1
[301/392] L2 C_714__0: vuln=degenerate_generation/1 fixed=degenerate_generation/1
[302/392] L2 C_726__0: vuln=degenerate_generation/1 fixed=degenerate_generation/1
[303/392] L2 C_727__1: vuln=degenerate_generation/1 fixed=degenerate_generation/1
[304/392] L2 C_739__0: vuln=degenerate_generation/1 fixed=degenerate_generation/1
[305/392] L2 C_737__1: vuln=degenerate_generation/1 fixed=degenerate_generation/1
[306/392] L2 C_735__0: vuln=degenerate_generation/1 fixed=degenerate_generation/1
[307/392] L2 C_738__0: vuln=degenerate_generation/1 fixed=degenerate_generation/1
[308/392] L2 C_739__1: vuln=degenerate_generation/1 fixed=degenerate_generation/1
[309/392] L2 C_73__0: vuln=degenerate_generation/1 fixed=degenerate_generation/1
[310/392] L2 C_728__0: vuln=degenerate_generation/1 fixed=degenerate_generation/1
[311/392] L2 C_740__0: vuln=degenerate_generation/1 fixed=degenerate_generation/1
[312/392] L2 C_74__0: vuln=degenerate_generation/1 fixed=degenerate_generation/1
[313/392] L2 C_750__0: vuln=degenerate_generation/1 fixed=degenerate_generation/1
[314/392] L2 C_752__0: vuln=degenerate_generation/1 fixed=degenerate_generation/1
[315/392] L2 C_769__0: vuln=degenerate_generation/1 fixed=degenerate_generation/1
[316/392] L2 C_753__0: vuln=degenerate_generation/1 fixed=degenerate_generation/1
[317/392] L2 C_761__0: vuln=degenerate_generation/1 fixed=degenerate_generation/1
[318/392] L2 C_76__0: vuln=degenerate_generation/1 fixed=degenerate_generation/1
[319/392] L2 C_773__0: vuln=degenerate_generation/1 fixed=degenerate_generation/1
[320/392] L2 C_788__0: vuln=degenerate_generation/1 fixed=degenerate_generation/1
[321/392] L2 C_783__0: vuln=degenerate_generation/1 fixed=degenerate_generation/1
[322/392] L2 C_795__0: vuln=degenerate_generation/1 fixed=degenerate_generation/1
[323/392] L2 C_78__0: vuln=degenerate_generation/1 fixed=degenerate_generation/1
[324/392] L2 C_775__0: vuln=functional_mismatch/3 fixed=degenerate_generation/1
[325/392] L2 C_802__0: vuln=degenerate_generation/1 fixed=degenerate_generation/1
[326/392] L2 C_7__0: vuln=degenerate_generation/1 fixed=degenerate_generation/1
[327/392] L2 C_807__0: vuln=degenerate_generation/1 fixed=degenerate_generation/1
[328/392] L2 C_809__0: vuln=degenerate_generation/1 fixed=degenerate_generation/1
[329/392] L2 C_809__1: vuln=degenerate_generation/1 fixed=degenerate_generation/1
[330/392] L2 C_811__0: vuln=degenerate_generation/1 fixed=degenerate_generation/1
[331/392] L2 C_81__0: vuln=degenerate_generation/1 fixed=functional_mismatch/3
[332/392] L2 C_814__0: vuln=degenerate_generation/1 fixed=degenerate_generation/1
[333/392] L2 C_820__1: vuln=degenerate_generation/1 fixed=degenerate_generation/1
[334/392] L2 C_822__0: vuln=degenerate_generation/1 fixed=degenerate_generation/1
[335/392] L2 C_824__0: vuln=degenerate_generation/1 fixed=degenerate_generation/1
[336/392] L2 C_827__0: vuln=degenerate_generation/1 fixed=degenerate_generation/1
[337/392] L2 C_829__0: vuln=degenerate_generation/1 fixed=degenerate_generation/1
[338/392] L2 C_82__0: vuln=degenerate_generation/1 fixed=degenerate_generation/1
[339/392] L2 C_830__0: vuln=degenerate_generation/1 fixed=degenerate_generation/1
[340/392] L2 C_82__1: vuln=degenerate_generation/1 fixed=degenerate_generation/1
[341/392] L2 C_831__0: vuln=degenerate_generation/1 fixed=degenerate_generation/1
[342/392] L2 C_833__0: vuln=degenerate_generation/1 fixed=degenerate_generation/1
[343/392] L2 C_834__0: vuln=degenerate_generation/1 fixed=degenerate_generation/1
[344/392] L2 C_835__0: vuln=degenerate_generation/1 fixed=degenerate_generation/1
[345/392] L2 C_836__0: vuln=degenerate_generation/1 fixed=degenerate_generation/1
[346/392] L2 C_844__0: vuln=degenerate_generation/1 fixed=degenerate_generation/1
[347/392] L2 C_857__0: vuln=degenerate_generation/1 fixed=degenerate_generation/1
[348/392] L2 C_846__3: vuln=degenerate_generation/1 fixed=degenerate_generation/1
[349/392] L2 C_847__0: vuln=degenerate_generation/1 fixed=degenerate_generation/1
[350/392] L2 C_859__1: vuln=degenerate_generation/1 fixed=degenerate_generation/1
[351/392] L2 C_866__0: vuln=degenerate_generation/1 fixed=degenerate_generation/1
[352/392] L2 C_867__0: vuln=degenerate_generation/1 fixed=degenerate_generation/1
[353/392] L2 C_872__0: vuln=degenerate_generation/1 fixed=degenerate_generation/1
[354/392] L2 C_869__0: vuln=degenerate_generation/1 fixed=degenerate_generation/1
[355/392] L2 C_878__0: vuln=degenerate_generation/1 fixed=degenerate_generation/1
[356/392] L2 C_884__2: vuln=degenerate_generation/1 fixed=degenerate_generation/1
[357/392] L2 C_880__0: vuln=degenerate_generation/1 fixed=degenerate_generation/1
[358/392] L2 C_886__1: vuln=degenerate_generation/1 fixed=degenerate_generation/1
[359/392] L2 C_889__0: vuln=degenerate_generation/1 fixed=degenerate_generation/1
[360/392] L2 C_888__0: vuln=degenerate_generation/1 fixed=degenerate_generation/1
[361/392] L2 C_893__0: vuln=degenerate_generation/1 fixed=degenerate_generation/1
[362/392] L2 C_893__1: vuln=degenerate_generation/1 fixed=degenerate_generation/1
[363/392] L2 C_88__0: vuln=degenerate_generation/1 fixed=degenerate_generation/1
[364/392] L2 C_898__0: vuln=degenerate_generation/1 fixed=degenerate_generation/1
[365/392] L2 C_897__0: vuln=degenerate_generation/1 fixed=degenerate_generation/1
[366/392] L2 C_8__0: vuln=degenerate_generation/1 fixed=degenerate_generation/1
[367/392] L2 C_92__0: vuln=degenerate_generation/1 fixed=degenerate_generation/1
[368/392] L2 C_94__1: vuln=degenerate_generation/1 fixed=degenerate_generation/1
[369/392] L2 C_95__0: vuln=degenerate_generation/1 fixed=degenerate_generation/1
[370/392] L2 C_94__0: vuln=degenerate_generation/1 fixed=degenerate_generation/1
[371/392] L2 C_95__1: vuln=degenerate_generation/1 fixed=degenerate_generation/1
[372/392] L2 C_96__0: vuln=degenerate_generation/1 fixed=degenerate_generation/1
[373/392] L2 C_96__1: vuln=degenerate_generation/1 fixed=degenerate_generation/1
[374/392] L2 Cpp_13__0: vuln=degenerate_generation/1 fixed=degenerate_generation/1
[375/392] L2 Cpp_270__0: vuln=degenerate_generation/1 fixed=degenerate_generation/1
[376/392] L2 Cpp_270__1: vuln=degenerate_generation/1 fixed=degenerate_generation/1
[377/392] L2 Cpp_16__0: vuln=degenerate_generation/1 fixed=degenerate_generation/1
[378/392] L2 Cpp_377__0: vuln=degenerate_generation/1 fixed=degenerate_generation/1
[379/392] L2 C_99__0: vuln=degenerate_generation/1 fixed=degenerate_generation/1
[380/392] L2 Cpp_376__0: vuln=degenerate_generation/1 fixed=degenerate_generation/1
[381/392] L2 Cpp_445__0: vuln=degenerate_generation/1 fixed=degenerate_generation/1
[382/392] L2 Cpp_478__0: vuln=degenerate_generation/1 fixed=degenerate_generation/1
[383/392] L2 Cpp_691__0: vuln=degenerate_generation/1 fixed=degenerate_generation/1
[384/392] L2 Cpp_711__0: vuln=degenerate_generation/1 fixed=degenerate_generation/1
[385/392] L2 Cpp_492__0: vuln=degenerate_generation/1 fixed=degenerate_generation/1
[386/392] L2 Cpp_697__0: vuln=degenerate_generation/1 fixed=degenerate_generation/1
[387/392] L2 Cpp_478__1: vuln=degenerate_generation/1 fixed=degenerate_generation/1
[388/392] L2 Cpp_711__1: vuln=degenerate_generation/1 fixed=degenerate_generation/1
[389/392] L2 Cpp_711__2: vuln=degenerate_generation/1 fixed=degenerate_generation/1
[390/392] L2 Cpp_711__3: vuln=degenerate_generation/1 fixed=degenerate_generation/1
[391/392] L2 Cpp_755__0: vuln=degenerate_generation/1 fixed=degenerate_generation/1
[392/392] L2 Cpp_804__0: vuln=degenerate_generation/1 fixed=degenerate_generation/1
L2 done in 8.2 min - ok=390 skipped=2 failed=0  paired-flag 1/390 (0.3%)

next: python3 experiments/2026-08-15_oracle-ladder/report.py
